-- phpMyAdmin SQL Dump
-- version 5.2.0
-- https://www.phpmyadmin.net/
--
-- Host: 127.0.0.1
-- Generation Time: Apr 24, 2023 at 08:05 PM
-- Server version: 10.4.24-MariaDB
-- PHP Version: 7.4.29

SET SQL_MODE = "NO_AUTO_VALUE_ON_ZERO";
START TRANSACTION;
SET time_zone = "+00:00";


/*!40101 SET @OLD_CHARACTER_SET_CLIENT=@@CHARACTER_SET_CLIENT */;
/*!40101 SET @OLD_CHARACTER_SET_RESULTS=@@CHARACTER_SET_RESULTS */;
/*!40101 SET @OLD_COLLATION_CONNECTION=@@COLLATION_CONNECTION */;
/*!40101 SET NAMES utf8mb4 */;

--
-- Database: `apts3`
--

-- --------------------------------------------------------

--
-- Table structure for table `companies`
--

CREATE TABLE `companies` (
  `sl` int(11) NOT NULL,
  `company_name` text NOT NULL,
  `department_id` int(11) NOT NULL,
  `url` text NOT NULL,
  `email` text NOT NULL,
  `phone` text NOT NULL,
  `address` text NOT NULL,
  `address2` text NOT NULL,
  `address3` text NOT NULL,
  `address4` text NOT NULL,
  `address5` text NOT NULL,
  `subject_address` text NOT NULL
) ENGINE=InnoDB DEFAULT CHARSET=utf8mb4;

--
-- Dumping data for table `companies`
--

INSERT INTO `companies` (`sl`, `company_name`, `department_id`, `url`, `email`, `phone`, `address`, `address2`, `address3`, `address4`, `address5`, `subject_address`) VALUES
(29, 'HMFW', 98, '', '', '', 'The Commissioner Mission Director NHM,', 'Health & Family Welfare(CH&FW) Department, ', ' 5th Floor APIIC Building,', 'Mangalagiri Guntur Dt., Andhra Pradesh.', '', 'The Commissioner Mission Director NHM,'),
(32, 'CDMA', 101, '', '', '', 'The Commissioner & Director of Municipal Administration, ', 'Municipal Administration Department,', ' Prime Hill Crest 4th Floor Near DGP Office, ', 'Beside Ultratech ReadyMix Plant Vaddeswaram Village,', ' Mangalagiri-522502', 'The Commissioner & Director of Municipal Administration, '),
(35, 'CCLA', 104, '', '', '', 'The Chief Commissioner of Land Administration (CCLA), ', 'Department of Revenue,', '22-19 Jaasthi Towers 2nd floor, ', '1st Block Saipuram Colony Road,', ' Gollapudi Vijayawada-521225', 'The Chief Commissioner of Land Administration (CCLA), '),
(41, 'PR&RD', 110, '', '', '', 'The Commissioner,', ' Panchayati Raj &Rural Development,', ' D.No:12-47 PVS Icon Building Pathuru Cross Road, ', '4/7 Inner Ring road Gorantla,', ' Tadepalli Vijayawada-522501', 'The Commissioner,'),
(42, 'APTS', 111, '', '', '', 'The Managing Director,', 'AP Technology Services Ltd (APTSL),', '3rd floor R&B Building, ', 'Opp. Indira Gandhi Municipal Stadium Bandar Road, ', 'Vijayawada-520010', 'The Managing Director,'),
(67, 'DTCP', 138, '', '', '', 'The Director,', ' Building penalization Scheme (BPS),', 'Town And Country Planning,MGM Capital,', ' Ground Floor,Beside little Village Restaurant,', 'Chinakakani, Mangalagiri, A.P GUNTUR-522508.', 'The Director,'),
(81, 'Police Department', 151, '', '', '', 'The Superintendent of police,', 'District Police Office, ', 'Near BSNL office, Ananthapuram.', '', '', 'The Superintendent of police,'),
(84, 'APMARKFED', 154, '', '', '', 'The Managing Director,', ' Andhra Pradesh State Co-operative Marketing Federation Ltd,(APMARKFED),', '#56-2-11 4th & 5th Floor APMARKFEDBuilding,', ' APIIC Colony Jawahar Auto Nagar,', 'Vijayawada ? 520007.', 'The Managing Director,'),
(86, 'APSHCL', 156, '', '', '', 'The Managing Director, ', 'AP State Housing Corporation Ltd, ', 'Plot No.11&12 Behind BSNL Telephone Exchange, ', 'Autonagar, Vijayawada-520007', '', 'The Managing Director, '),
(126, 'SSLR', 191, '', '', '', 'The Commissioner,', 'Survey Settlement and Land Records office, ', 'Sri Sai Residency 7th Lane Opp. Narayana School, ', 'Nagarjuna Nagar, Currency Nagar, ', 'Vijayawada, Andhra Pradesh 520008', 'The Commissioner,'),
(145, 'Transport Department', 206, '', '', '', 'The Commissioner, ', 'Transport Department, ', 'A.P.Headquarters Officer, ', '2nd floor, N.T.R Admn Block, ', 'Pandit Nehru Bus Station, Vijayawada-520001', 'The Commissioner, '),
(152, 'Rajamahendravaram Urban Development Authority', 215, '', '', '', 'The Vice Chair-person, ', 'Rajamahendravaram Urban Development Authority, ', 'Seshayya Metta,', ' Rajahmundry - 533101, ', 'Andhra Pradesh', 'The Vice Chair-person, '),
(153, 'Women Development & Child Welfare', 216, '', '', '', 'The Director, ', 'Women Development & Child Welfare (WDCW), ', '2nd floor Jampani Towers Lodge Centre,', ' Amaravathi Road Guntur-522002', '', 'The Director, ');

-- --------------------------------------------------------

--
-- Table structure for table `departments`
--

CREATE TABLE `departments` (
  `sl` int(11) NOT NULL,
  `department_name` text NOT NULL
) ENGINE=InnoDB DEFAULT CHARSET=utf8mb4;

--
-- Dumping data for table `departments`
--

INSERT INTO `departments` (`sl`, `department_name`) VALUES
(98, 'HMFW'),
(101, 'CDMA'),
(104, 'CCLA'),
(110, 'PR&RD'),
(111, 'APTS'),
(138, 'BPS'),
(151, 'Police Department'),
(154, 'APMARKFED'),
(156, 'APSHCL'),
(191, 'SSLR'),
(206, 'Transport Department'),
(215, 'RUDA'),
(216, 'WDCW');

-- --------------------------------------------------------

--
-- Table structure for table `transaction_log`
--

CREATE TABLE `transaction_log` (
  `sl` int(11) NOT NULL,
  `qty` int(11) DEFAULT NULL,
  `total` int(11) NOT NULL,
  `app_name` text NOT NULL,
  `app_type` text NOT NULL,
  `category` text NOT NULL,
  `customer` text NOT NULL,
  `address` text NOT NULL,
  `address2` text NOT NULL,
  `address3` text NOT NULL,
  `address4` text NOT NULL,
  `address5` text NOT NULL,
  `subject_address` text NOT NULL,
  `invoice_date` date NOT NULL,
  `mail_received_date` date NOT NULL,
  `sales_tax` double NOT NULL,
  `sales_tax_amount` double NOT NULL,
  `gross_amount` double NOT NULL,
  `transaction_status` text NOT NULL,
  `payment_status` text NOT NULL,
  `received_amount` int(11) DEFAULT NULL,
  `raised_at` timestamp NOT NULL DEFAULT current_timestamp(),
  `remarks` text DEFAULT NULL,
  `cfms_id` text DEFAULT NULL,
  `certificate_issued_date` date DEFAULT NULL,
  `certificate_expiry_date` date DEFAULT NULL,
  `apts_receipt_no` text DEFAULT NULL,
  `apts_receipt_date` date DEFAULT NULL,
  `gov` text NOT NULL
) ENGINE=InnoDB DEFAULT CHARSET=utf8mb4;

--
-- Dumping data for table `transaction_log`
--

INSERT INTO `transaction_log` (`sl`, `qty`, `total`, `app_name`, `app_type`, `category`, `customer`, `address`, `address2`, `address3`, `address4`, `address5`, `subject_address`, `invoice_date`, `mail_received_date`, `sales_tax`, `sales_tax_amount`, `gross_amount`, `transaction_status`, `payment_status`, `received_amount`, `raised_at`, `remarks`, `cfms_id`, `certificate_issued_date`, `certificate_expiry_date`, `apts_receipt_no`, `apts_receipt_date`, `gov`) VALUES
(3990, 1, 38704, 'VAPT on internal and external IPs of firewall', 'VAPT', 'Simple', '86', 'The Managing Director, ', 'AP State Housing Corporation Ltd, ', 'Plot No.11&12 Behind BSNL Telephone Exchange, ', 'Autonagar, Vijayawada-520007', '', 'The Managing Director, ', '2021-11-30', '2021-11-01', 18, 8496, 47200, 'Approved', 'Paid', 55053, '2023-02-22 06:11:41', '55053 payment received', '', '0000-00-00', '0000-00-00', '26120', '2021-12-27', 'gov'),
(3991, 1, 31969, 'apmarkfed.staging.ap.gov.in', 'Web  Application Security Audit', '', '84', 'The Managing Director,', ' Andhra Pradesh State Co-operative Marketing Federation Ltd,(APMARKFED),', '#56-2-11 4th & 5th Floor APMARKFEDBuilding,', ' APIIC Colony Jawahar Auto Nagar,', 'Vijayawada ? 520007.', 'The Managing Director,', '2021-11-30', '2021-11-23', 18, 7017.66, 38987, 'Approved', 'Paid', 38987, '2023-02-22 06:11:41', 'payment received', '', '0000-00-00', '0000-00-00', '26175', '2022-03-16', 'gov'),
(3992, 1, 137012, 'e-Auction', 'Web  Application Security Audit', '', '42', 'The Managing Director,', 'AP Technology Services Ltd (APTSL),', '3rd floor R&B Building, ', 'Opp. Indira Gandhi Municipal Stadium Bandar Road, ', 'Vijayawada-520010', 'The Managing Director,', '2021-12-13', '2021-11-23', 18, 30075.84, 167088, 'Approved', 'Unpaid', 0, '2023-02-22 06:11:41', 'no reminder', '', '0000-00-00', '0000-00-00', '', '0000-00-00', 'gov'),
(3993, 1, 49325, 'E-Asha', 'Mobile Application Security Audit (MASA)', '', '29', 'The Commissioner Mission Director NHM,', 'Health & Family Welfare(CH&FW) Department, ', ' 5th Floor APIIC Building,', 'Mangalagiri Guntur Dt., Andhra Pradesh.', '', 'The Commissioner Mission Director NHM,', '2021-12-13', '2021-06-02', 18, 10827.36, 60152, 'Approved', 'Unpaid', 0, '2023-02-22 06:11:41', '', '', '0000-00-00', '0000-00-00', '', '0000-00-00', 'gov'),
(3994, 1, 63939, 'apclap', 'Mobile Application Security Audit (MASA)', '', '32', 'The Commissioner & Director of Municipal Administration, ', 'Municipal Administration Department,', ' Prime Hill Crest 4th Floor Near DGP Office, ', 'Beside Ultratech ReadyMix Plant Vaddeswaram Village,', ' Mangalagiri-522502', 'The Commissioner & Director of Municipal Administration, ', '2021-12-13', '2021-02-22', 18, 14035.32, 77974, 'Approved', 'Unpaid', 0, '2023-02-22 06:11:41', '', '', '0000-00-00', '0000-00-00', '', '0000-00-00', 'gov'),
(3995, 1, 71247, 'EHR', 'Web  Application Security Audit', '', '29', 'The Commissioner Mission Director NHM,', 'Health & Family Welfare(CH&FW) Department, ', ' 5th Floor APIIC Building,', 'Mangalagiri Guntur Dt., Andhra Pradesh.', '', 'The Commissioner Mission Director NHM,', '2021-12-14', '2021-06-02', 18, 15639.48, 86886, 'Approved', 'Unpaid', 0, '2023-02-22 06:11:41', '', '', '0000-00-00', '0000-00-00', '', '0000-00-00', 'gov'),
(3996, 1, 71247, 'PRIS#RUDA', 'Web  Application Security Audit', '', '152', 'The Vice Chair-person, ', 'Rajamahendravaram Urban Development Authority, ', 'Seshayya Metta,', ' Rajahmundry - 533101, ', 'Andhra Pradesh', 'The Vice Chair-person, ', '2021-12-14', '2021-06-02', 18, 15639.48, 86886, 'Approved', 'Paid', 86886, '2023-02-22 06:11:42', '86,886 payment received', '', '0000-00-00', '0000-00-00', '26521', '2022-06-27', 'gov'),
(3997, 1, 367193, 'Web:https://abhayaotsi.epragathi.org:9999/login Mobile: 3-Android & 3-iOS', 'Web & Mobile Applications', '', '145', 'The Commissioner, ', 'Transport Department, ', 'A.P.Headquarters Officer, ', '2nd floor, N.T.R Admn Block, ', 'Pandit Nehru Bus Station, Vijayawada-520001', 'The Commissioner, ', '2021-12-15', '2021-12-13', 18, 80603.28, 447796, 'Approved', 'Unpaid', 0, '2023-02-22 06:11:42', '', '', '0000-00-00', '0000-00-00', '', '0000-00-00', 'gov'),
(3998, 1, 71247, 'DMS -Document Management System', 'Web Application Security Audit (WASA)', '', '126', 'The Commissioner,', 'Survey Settlement and Land Records office, ', 'Sri Sai Residency 7th Lane Opp. Narayana School, ', 'Nagarjuna Nagar, Currency Nagar, ', 'Vijayawada, Andhra Pradesh 520008', 'The Commissioner,', '2021-12-17', '2021-12-16', 18, 15639.48, 86886, 'Approved', 'Paid', 86886, '2023-02-22 06:11:42', '86886 payment received', '', '0000-00-00', '0000-00-00', '26504', '2022-05-06', 'gov'),
(3999, 1, 137012, 'e-Tendering Application', 'Web  Application Security Audit', '', '42', 'The Managing Director,', 'AP Technology Services Ltd (APTSL),', '3rd floor R&B Building, ', 'Opp. Indira Gandhi Municipal Stadium Bandar Road, ', 'Vijayawada-520010', 'The Managing Director,', '2021-12-17', '2021-12-16', 18, 30075.84, 167088, 'Approved', 'Paid', 0, '2023-02-22 06:11:42', 'no reminder', '', '0000-00-00', '0000-00-00', '', '0000-00-00', 'gov'),
(4000, 1, 71247, 'MIG Layouts', 'Web  Application Security Audit', '', '67', 'The Director,', ' Building penalization Scheme (BPS),', 'Town And Country Planning,MGM Capital,', ' Ground Floor,Beside little Village Restaurant,', 'Chinakakani, Mangalagiri, A.P GUNTUR-522508.', 'The Director,', '2021-12-17', '2021-12-17', 18, 15639.48, 86886, 'Approved', 'Paid', 86886, '2023-02-22 06:11:42', 'payment received', '', '0000-00-00', '0000-00-00', '26133', '2022-01-05', 'gov'),
(4001, 1, 27093, 'Smart Panchayat (Mobile App for House Tax Collection)', 'Mobile Application Security Audit (MASA)', '', '41', 'The Commissioner,', ' Panchayati Raj &Rural Development,', ' D.No:12-47 PVS Icon Building Pathuru Cross Road, ', '4/7 Inner Ring road Gorantla,', ' Tadepalli Vijayawada-522501', 'The Commissioner,', '2021-12-21', '2021-12-20', 18, 5947.2, 33040, 'Approved', 'Paid', 0, '2023-02-22 06:11:42', 'reminder sent to panchayat only', '', '0000-00-00', '0000-00-00', '', '0000-00-00', 'gov'),
(4002, 1, 71247, 'Webland2.ap.gov.in/polr', 'Web & Mobile Application Security Audit', '', '35', 'The Chief Commissioner of Land Administration (CCLA), ', 'Department of Revenue,', '22-19 Jaasthi Towers 2nd floor, ', '1st Block Saipuram Colony Road,', ' Gollapudi Vijayawada-521225', 'The Chief Commissioner of Land Administration (CCLA), ', '2021-12-28', '2021-12-16', 18, 15639.48, 86886, 'Approved', 'Paid', 86886, '2023-02-22 06:11:42', 'payment received', '', '0000-00-00', '0000-00-00', '26166', '2022-03-03', 'gov'),
(4003, 1, 71247, 'Manaanganwadi', 'Web  Application Security Audit', '', '153', 'The Director, ', 'Women Development & Child Welfare (WDCW), ', '2nd floor Jampani Towers Lodge Centre,', ' Amaravathi Road Guntur-522002', '', 'The Director, ', '2021-12-28', '2021-12-24', 18, 15639.48, 86886, 'Approved', 'Unpaid', 0, '2023-02-22 06:11:42', '', '', '0000-00-00', '0000-00-00', '', '0000-00-00', 'gov'),
(4004, 1, 127877, 'APSP 4 New applications', 'Web  Application Security Audit', '', '81', 'The Superintendent of police,', 'District Police Office, ', 'Near BSNL office, Ananthapuram.', '', '', 'The Superintendent of police,', '2021-08-16', '2021-08-13', 18, 28070.64, 155948, 'Approved', 'Unpaid', 0, '2023-02-22 06:11:42', '', '', '0000-00-00', '0000-00-00', '', '0000-00-00', 'gov');

-- --------------------------------------------------------

--
-- Table structure for table `users`
--

CREATE TABLE `users` (
  `user_name` varchar(64) NOT NULL,
  `password` varchar(64) NOT NULL,
  `email` varchar(64) DEFAULT NULL,
  `mobile_number` varchar(15) DEFAULT NULL,
  `created_at` datetime DEFAULT NULL,
  `privilege` text NOT NULL
) ENGINE=InnoDB DEFAULT CHARSET=utf8mb4;

--
-- Dumping data for table `users`
--

INSERT INTO `users` (`user_name`, `password`, `email`, `mobile_number`, `created_at`, `privilege`) VALUES
('admin', 'admin@2023', 'admin@gmail.com', NULL, NULL, 'admin'),
('user', 'user@2023', 'user@gmail.com', '123132213.3', NULL, 'user');

--
-- Indexes for dumped tables
--

--
-- Indexes for table `companies`
--
ALTER TABLE `companies`
  ADD PRIMARY KEY (`sl`);

--
-- Indexes for table `departments`
--
ALTER TABLE `departments`
  ADD PRIMARY KEY (`sl`);

--
-- Indexes for table `transaction_log`
--
ALTER TABLE `transaction_log`
  ADD PRIMARY KEY (`sl`);

--
-- Indexes for table `users`
--
ALTER TABLE `users`
  ADD PRIMARY KEY (`user_name`);

--
-- AUTO_INCREMENT for dumped tables
--

--
-- AUTO_INCREMENT for table `companies`
--
ALTER TABLE `companies`
  MODIFY `sl` int(11) NOT NULL AUTO_INCREMENT, AUTO_INCREMENT=155;

--
-- AUTO_INCREMENT for table `departments`
--
ALTER TABLE `departments`
  MODIFY `sl` int(11) NOT NULL AUTO_INCREMENT, AUTO_INCREMENT=221;

--
-- AUTO_INCREMENT for table `transaction_log`
--
ALTER TABLE `transaction_log`
  MODIFY `sl` int(11) NOT NULL AUTO_INCREMENT, AUTO_INCREMENT=4005;
COMMIT;

/*!40101 SET CHARACTER_SET_CLIENT=@OLD_CHARACTER_SET_CLIENT */;
/*!40101 SET CHARACTER_SET_RESULTS=@OLD_CHARACTER_SET_RESULTS */;
/*!40101 SET COLLATION_CONNECTION=@OLD_COLLATION_CONNECTION */;
