-- phpMyAdmin SQL Dump
-- version 5.2.0
-- https://www.phpmyadmin.net/
--
-- Host: 127.0.0.1
-- Generation Time: Mar 09, 2023 at 07:02 AM
-- Server version: 10.4.27-MariaDB
-- PHP Version: 8.0.25

SET SQL_MODE = "NO_AUTO_VALUE_ON_ZERO";
START TRANSACTION;
SET time_zone = "+00:00";


/*!40101 SET @OLD_CHARACTER_SET_CLIENT=@@CHARACTER_SET_CLIENT */;
/*!40101 SET @OLD_CHARACTER_SET_RESULTS=@@CHARACTER_SET_RESULTS */;
/*!40101 SET @OLD_COLLATION_CONNECTION=@@COLLATION_CONNECTION */;
/*!40101 SET NAMES utf8mb4 */;

--
-- Database: `apts3`
--

-- --------------------------------------------------------

--
-- Table structure for table `companies`
--

CREATE TABLE `companies` (
  `sl` int(11) NOT NULL,
  `company_name` text NOT NULL,
  `department_id` int(11) NOT NULL,
  `url` text NOT NULL,
  `email` text NOT NULL,
  `phone` text NOT NULL,
  `address` text NOT NULL,
  `address2` text NOT NULL,
  `address3` text NOT NULL,
  `address4` text NOT NULL,
  `address5` text NOT NULL,
  `subject_address` text NOT NULL
) ENGINE=InnoDB DEFAULT CHARSET=utf8mb4 COLLATE=utf8mb4_general_ci;

--
-- Dumping data for table `companies`
--

INSERT INTO `companies` (`sl`, `company_name`, `department_id`, `url`, `email`, `phone`, `address`, `address2`, `address3`, `address4`, `address5`, `subject_address`) VALUES
(29, 'HMFW', 98, '', '', '', 'The Commissioner Mission Director NHM,', 'Health & Family Welfare(CH&FW) Department, ', ' 5th Floor APIIC Building,', 'Mangalagiri Guntur Dt., Andhra Pradesh.', '', 'The Commissioner Mission Director NHM,'),
(30, 'Meeseva', 99, '', '', '', 'The Director, ESD (Meeseva),', ' Plot No.11&12 Backside of BSNL Telephone Exchange,', ' Autonagar, Vijayawada-520007', '', '', 'The Director, ESD (Meeseva),'),
(31, 'Water Resources Department', 100, '', '', '', 'The Engineer-In-Chief,', ' Water Resources Department,', ' #48-10/9-1N.H.Feeder Road, ', 'Near Ramavarappadu Circle,', ' Currency Nagar Vijayawada', 'The Engineer-In-Chief,'),
(32, 'CDMA', 101, '', '', '', 'The Commissioner & Director of Municipal Administration, ', 'Municipal Administration Department,', ' Prime Hill Crest 4th Floor Near DGP Office, ', 'Beside Ultratech ReadyMix Plant Vaddeswaram Village,', ' Mangalagiri-522502', 'The Commissioner & Director of Municipal Administration, '),
(33, 'IAS Officers Association of AP', 102, '', '', '', 'The Joint Secretary,', ' IAS Officers Association of AP (IASOA-AP),', 'GM22+FM6 Municipal Employees Colony, ', 'Acharya Ranga Nagar Benz Circle, ', 'Vijayawada-520010', 'The Joint Secretary,'),
(34, 'Civil Supplies', 103, '', '', '', 'The Vice Chairman & Managing Director,\n ', 'AP State Civil Supplies Corporation Ltd,', '  IV th & V th Floor Corp.Office H.No.10-152/1', ' Sri Sai Towers Ashok Nagar, Beside Siris Company', ' Kanuru Bandar Road, Vijayawada-520007.', 'The Vice Chairman & Managing Director,\n '),
(35, 'CCLA', 104, '', '', '', 'The Chief Commissioner of Land Administration (CCLA), ', 'Department of Revenue,', '22-19 Jaasthi Towers 2nd floor, ', '1st Block Saipuram Colony Road,', ' Gollapudi Vijayawada-521225', 'The Chief Commissioner of Land Administration (CCLA), '),
(36, 'APSDMA', 105, '', '', '', 'The Managing Director,', 'Andhra Pradesh State Disaster Management Authority (APSDMA),', 'Genious JR Towers D.No: 21/2B Pathuru Cross Road Centre,', 'Kunchanpalli(PO) Tadepalli Mandal,', 'Guntur District-522501', 'The Managing Director,'),
(37, 'SERP', 106, '', '', '', 'The Chief Executive Officer,', ' Society for Elimination of Rural Poverty (SERP),', '2nd floor Dr.NTR Administrative Block,', 'Pandit Nehru RTC Bus Complex,', 'Vijayawada- 520001', 'The Chief Executive Officer,'),
(38, 'RTGS', 107, '', '', '', 'The Chief Executive Officer,', ' Real Time Governance Society (RTGS),', ' Block-1,', ' AP Secretariat, ', 'Velagapudi Amaravati', 'The Chief Executive Officer,'),
(39, 'Commercial Taxes Department', 108, '', '', '', 'The Additional Commissioner (ST), ', 'Commercial Taxes Department, ', 'Eedupugallu,', ' Vijayawada', '', 'The Additional Commissioner (ST), '),
(40, 'APEMCL', 109, '', '', '', 'The Managing Director,', 'A.P.Environment Management Corporation Ltd.,', 'D.No. 39-3-51 4th Floor Kalanjali Building,', 'Opp. Pvp mall M.G Road,', ' LabbipetVijayawada ? 520010', 'The Managing Director,'),
(41, 'PR&RD', 110, '', '', '', 'The Commissioner,', ' Panchayati Raj &Rural Development,', ' D.No:12-47 PVS Icon Building Pathuru Cross Road, ', '4/7 Inner Ring road Gorantla,', ' Tadepalli Vijayawada-522501', 'The Commissioner,'),
(42, 'APTS', 111, '', '', '', 'The Managing Director,', 'AP Technology Services Ltd (APTSL),', '3rd floor R&B Building, ', 'Opp. Indira Gandhi Municipal Stadium Bandar Road, ', 'Vijayawada-520010', 'The Managing Director,'),
(43, 'A.P.Building & Other Construction Workers Welfare Board', 112, '', '', '', 'The Secretary & CEO,', 'A.P.Building & Other Construction Workers Welfare Board (APBOCWWB),', 'O/o Commissioner of Labour, ', '#33-7-6 #33-8-14 2nd Floor ', 'Paturis Pride Papaiah Street Seetharampuram, Vijayawada - 520002.', 'The Secretary & CEO,'),
(44, 'TTD', 113, '', '', '', 'The Executive Officer,', 'Tirumala Tirupati Devasthanams (TTD),', '2nd Floor Room No.81C IT Dept,', 'Administrative Building, ', 'K.T.Road Tirupati - 517501', 'The Executive Officer,'),
(45, 'Andhra Pradesh Space Application Centre (APSAC)', 114, '', '', '', 'The Vice Chairman,', ' Andhra Pradesh Space Application Centre (APSAC), ', '#40-17-3/1 M.G.Road,', ' Labbipet Vijayawada-520010,', ' Andhra Pradesh', 'The Vice Chairman,'),
(46, 'Board of Intermediate Education', 115, '', '', '', 'The Chief Executive Officer, ', 'Board of Intermediate Education,', 'R.No.114/C3  2nd, 3rd & 4th floors', ' Eswar Elite Beside Sonovision Tadepalli,', ' Guntur District Pin: 522501.', 'The Chief Executive Officer, '),
(47, 'GVWV&VSWS', 116, '', '', '', 'The Commissioner & Director,', 'Andhra Pradesh Gram Volunteers/ Ward Volunteers and Village Secretariats/ Ward Secretariats Department [GSWSD], ', 'AP state Housing corporation ltd Plot no.11 & 12,', ' backside of BSNL telephone exchange Near APIIC colony,', ' Autonagar Vijayawada-520007', 'The Commissioner & Director,'),
(48, 'AP Police Department', 117, '', '', '', 'The Director General of Police,', 'Andhra Pradesh Police Department,', 'Crime and Criminal Tracking Network & Systems (CCTNS), ', ' AP State Police Tech Towers, ', 'Mangalagiri Guntur District - 522502', 'The Director General of Police,'),
(49, 'APPSC', 118, '', '', '', 'The Chairman, ', 'Andhra Pradesh Public Service Commission (APPSC), ', '2nd Floor MG Road Opp Indira Gandhi Municipal Stadium ,', 'New R&B Building,', ' Vijayawada-520010', 'The Chairman, '),
(50, 'APCFSS', 120, '', '', '', 'The Chief Executive officer ,', '(Andhra Pradesh Centre for Financial Systems and Services (APCFSS) (APCFSS),', '6th Floor C-Block Anjaneya Towers 24-125,', 'Vijayawada - Mylavaram Rd Bhimaraju Gutta,', 'Ibrahimpatnam Andhra Pradesh 521456.', 'The Chief Executive officer ,'),
(51, 'APSCHE', 121, '', '', '', 'The Secretory,', 'AP State Council Of Higher Education (APSCHE),', ' NEELADRI TOWERS,6TH BATTALIAN ROAD,', ' Mangalagiri,', 'Andhra pradesh 522503', 'The Secretory,'),
(52, 'PCB', 122, '', '', '', 'The Member Secretary, ', 'Andhra Pradesh Pollution Control Board (APPCB),', 'D.No. 33-26-14 D/2, Near Sunrise Hospital,', 'Pushpa Hotel Centre, Chalamalavari Street,', 'Kasturibaipet,Vijayawada ? 520 010', 'The Member Secretary, '),
(53, 'Andhra pradesh Tourism Authority', 123, '', '', '', 'The Cheif Executive Officer,', 'Andhra pradesh Tourism Authority,', '5th floor,Near CGO Complex,', 'Industrial Estate,', 'Vijayawada ,Andhra pradesh-520007', 'The Cheif Executive Officer,'),
(54, 'Andhra University', 124, '', '', '', 'The Vice Chancellor,', 'Andhra University, ', 'Waltair Junction, ', 'Visakhapatnam-530003, ', 'Andhra Pradesh, Phone : 0891 2844000 | 2844197', 'The Vice Chancellor,'),
(55, ' Technical Education Department', 125, '', '', '', 'The Commissioner of Technical Education,', 'ANS Towers, Jammi Chettu Rd,', 'Prasadampadu, Currency Nagar,', 'Vijaywada, Andhra Pradesh ? 521108', '', 'The Commissioner of Technical Education,'),
(56, 'I&PR', 126, '', '', '', 'The Commissioner, ', 'Information and public relations department,I&PR,', '2 nd foor, NTR Administrrttriee Block,', 'Ptnditr Nehru Bus Strtnd,', 'Vijayawada, Krishnt Distrrict', 'The Commissioner, '),
(57, 'APSLDC', 127, '', '', '', 'The Chief engineer,', ' APSLDC,Andhra Pradesh State Load Despatch Centre', 'Vidyut Soudha,', ' Eluru Rd, Gunadala,', 'Vijayawada, Andhra Pradesh 520004.', 'The Chief engineer,'),
(58, 'Sri durga Malleswara Swamy Varla Devasthanam', 128, '', '', '', ' The Executive Officer ,', 'Sri durga Malleswara Swamy Varla Devasthaname,', 'Indrakeeladrie Vijayawada- 520001', '', '', ' The Executive Officer ,'),
(59, 'Dr.YSR Aarogyasri Health Care Truste', 130, '', '', '', 'The Chief Executive Officer Dr.YSR Aarogyasri Health Care Truste', 'D.No.241e MGM Capital Buildings Near NRI Junctione', 'Beside Little Village Restaurante Chinakakanie', 'Mangalagiri Guntur-522508', '', 'The Chief Executive Officer Dr.YSR Aarogyasri Health Care Truste'),
(60, 'APSRTC', 131, '', '', '', 'Vice Chairman &Managing Director, ', 'AP state Road Transport Corporation (APSRTC), ', 'RTC House, Vijayawada', '', '', 'Vice Chairman &Managing Director, '),
(61, 'Swaccha Andhra Corporation', 132, '', '', '', 'The Managing Director, ', 'Swaccha Andhra Corporation,', ' H.No.54-16-1/14/D, 3rd Floor, Road. No.2,', 'Central Excise colony, Andhra Loyola College Road', ' , Vijayawada-520008', 'The Managing Director, '),
(62, 'RWS&S Dept', 133, '', '', '', 'The Engineer-in-Chief,', 'Rural water supply and sanitation( RWS&S) Dept,', 'C Block, Vasudha Shelters, ', 'Gollapudi, Vijayawada-521225', '', 'The Engineer-in-Chief,'),
(63, 'Rythu Bazar ', 134, '', '', '', 'Chief Executive Officer, ', 'Rythu Bazar Head office, ', 'spices Board of India,', ' Murkipeta Maharshi Dayanand Nagar, ', 'Guntur-522003, Andhra Pradesh', 'Chief Executive Officer, '),
(64, 'APMDC portal', 135, '', '', '', 'Vice Chairman &Managing Director, ', 'AP Mineral Developmenet Corporation Ltd,(APMDC), ', '294/1D Ft. Road Kanuru Village, ', 'Penamaluru Mandal, ', 'Vijayawada-521137', 'Vice Chairman &Managing Director, '),
(65, 'Rythu Bazar Sadhikara Samstha', 136, '', '', '', 'CEO, Rythu Bazar Sadhikara Samstha,', ' First Floor, Sahasra Apartment Block-2,', ' Opposite Hasanna Mandir, ', 'Amaravathi Road, Gorantla,', ' Guntur, Andhar Pradesh-522034', 'CEO, Rythu Bazar Sadhikara Samstha,'),
(66, 'SVVU', 137, '', '', '', 'The Registrar,', 'Sri  Venkateswara Veterinary University,', 'Admin Office,', 'Dr. Y.S.R. Bhavan.Tirupati ? 517 502', '', 'The Registrar,'),
(67, 'DTCP', 138, '', '', '', 'The Director,', ' Building penalization Scheme (BPS),', 'Town And Country Planning,MGM Capital,', ' Ground Floor,Beside little Village Restaurant,', 'Chinakakani, Mangalagiri, A.P GUNTUR-522508.', 'The Director,'),
(68, 'SAPNET', 139, '', '', '', 'The Chief Executive Officer,', 'Society for Andhra Pradesh Network ,', '(SAPNET),D#6-178, 2nd Floor,', ' Eco Ritz Building,BMPS Road, ', 'Prasadampadu, Vijayawada-521108', 'The Chief Executive Officer,'),
(69, 'Nagarjuna University', 140, '', '', '', 'The Vice Chancellor,', ' Acharya Nagarajuna University,', ' Nagarajuna Nagar,', ' Guntur, Andhra Pradesh-522510', '', 'The Vice Chancellor,'),
(70, 'APDDCF', 141, '', '', '', 'The Managing Director (APDDCF), ', 'Andhra Pradesh Diary Development Cooperative Federation Limited,', 'APIIC Towers IT Park, ', 'Mangalagiri, Guntur-522503', '', 'The Managing Director (APDDCF), '),
(71, 'APSGWD and APWRIMS', 142, '', '', '', 'The Director,Ground Water and Water Audit Department,', 'Vysya Bhavan, Namboorivari Veedhi,', 'Hanumanpet, Near Railway Station,', 'Beside Government Hospital Hospital,', 'Vijayawada-52O003', 'The Director,Ground Water and Water Audit Department,'),
(72, 'APSBCL', 143, '', '', '', 'The Commissioner, ', 'Andhra Pradesh State Beverages Corportaion Limited,(APSBCL), ', '88-2b, Sai Vihar Apartment, ', 'Poultry,Form Road,Prasadampadu, ', 'Vijayawada.', 'The Commissioner, '),
(73, 'APDCA', 144, '', '', '', 'The Director General,', 'Andhra Pradesh Drugs Control Administration,', 'D.No-25-16-116/IB,', 'Behind Gowtham Hero Show Room,', 'Chuttugunta, Guntur.', 'The Director General,'),
(74, 'Rythu Bazar', 134, '', '', '', 'The Chief Executive Officer,', 'Rythu Bazar Head Office,', 'Spices Board Of India, ', 'Murikipeta Maharshi Dayanand Nagar, ', 'Guntur- 522003, Andhra Pradesh,', 'The Chief Executive Officer,'),
(75, 'AP Industries', 145, '', '', '', 'The Commissionerate (AP Industries),', '1st Floor,', ' Government Regional Printing Press Buildings,', 'Mutyalampadu, Vijayawada-520011.', '', 'The Commissionerate (AP Industries),'),
(76, 'APMSMEDC', 146, '', '', '', 'The Chief Executive Officer ,', 'Andhra Pradesh MSME Development Corporation(APMSMEDC),', '1st Floor Government Printing Press Building,', 'Mutyalampadu, ', 'Vijayawada-520011.', 'The Chief Executive Officer ,'),
(77, 'MEPMA', 147, '', '', '', 'The Managing Director,', 'Mission For Elimination Of Poverty In Municipal Areas (MEPMA),', '2nd Floor, Sahasra Building Block-2,', 'Hosanna Mandir, Amaravathi Road,', 'Gorantla, Guntur-522034', 'The Managing Director,'),
(78, 'Tribal welfare', 148, '', '', '', 'The Director (Tribal Welfare Dept),', 'D.No.40-3/1-46-4A,', ' Ward No.13,Koneru Lakshmaiah Street,', 'Moghalrajpuram, ', 'Vijayawada-520010, A.P', 'The Director (Tribal Welfare Dept),'),
(79, 'Finance Department(APCFSS)', 149, '', '', '', 'The Chief Executive officer  (APCFSS),', '6th Floor C-Block Anjaneya Towers 24-125,', 'Vijayawada - Mylavaram Rd Bhimaraju Gutta,', 'Ibrahimpatnam', ' Andhra Pradesh 521456.', 'The Chief Executive officer  (APCFSS),'),
(80, 'APCTD', 108, '', '', '', 'The Chief Commissioner (APCTD),', 'Andhra Pradesh Commercial taxes Department,', 'Dr.No.5-59, R. K. Spring Valley Apartments,', 'Bandar Road, Eedupugallu Village,', 'Kankipadu Mandal, Vijayawada-521151, A.P', 'The Chief Commissioner (APCTD),'),
(81, 'Police Department', 151, '', '', '', 'The Superintendent of police,', 'District Police Office, ', 'Near BSNL office, Ananthapuram.', '', '', 'The Superintendent of police,'),
(82, 'APHRDI', 152, '', '', '', 'The Director General, ', 'Andhra Pradesh Human Resource Development Institute(APHRDI),', 'Karlapalem Road,Teacher colony 1st line opposite road,', 'Bapatla Town- 522 101,Bapatla Mandal,', 'Guntur District, A.P.', 'The Director General, '),
(83, 'Judicial', 153, '', '', '', 'The Hon?ble Judge, ', 'Camp Office,Govt.Guest House (R&B inspection Bungalow),', 'Collector?s Bungalow Road,', 'Nagarampalem,', ' Guntur, A.p-522004', 'The Hon?ble Judge, '),
(84, 'APMARKFED', 154, '', '', '', 'The Managing Director,', ' Andhra Pradesh State Co-operative Marketing Federation Ltd,(APMARKFED),', '#56-2-11 4th & 5th Floor APMARKFEDBuilding,', ' APIIC Colony Jawahar Auto Nagar,', 'Vijayawada ? 520007.', 'The Managing Director,'),
(85, 'Agriculture Depratment', 155, '', '', '', 'The Commissioner & Director (Agricultural Marketing),', 'Chuttugunta, Guntur,', 'Andhra Pradesh-522003', '', '', 'The Commissioner & Director (Agricultural Marketing),'),
(86, 'APSHCL', 156, '', '', '', 'The Managing Director, ', 'AP State Housing Corporation Ltd, ', 'Plot No.11&12 Behind BSNL Telephone Exchange, ', 'Autonagar, Vijayawada-520007', '', 'The Managing Director, '),
(87, 'JNTUA', 157, '', '', '', 'The Registrar, ', 'JNT University Anantapur, ', 'Anantapuram-515002, ', 'Andhra Pradesh.', '', 'The Registrar, '),
(88, 'APSBB', 158, '', '', '', 'The Principal Chief Conservator ,AP State Biodiversity Board(APSBB),', 'Flat no.210,311Walnut Block,', 'Raintree Park, Nambur,', 'Opp:Nagarjuna University, NH-5, GNT,A.P-522510', '', 'The Principal Chief Conservator ,AP State Biodiversity Board(APSBB),'),
(89, 'Election Commission ', 159, '', '', '', 'The Chief Electoral Officer,', 'Election Commission,', 'Room No.192, Ground Floor Building No.5, ', 'A.P.Secretariat Velagapudi, Amaravati-522238', '', 'The Chief Electoral Officer,'),
(90, 'Commisioner of school education', 160, '', '', '', 'The Commissioner of School Education,', '4th Floor, B block, VTPS Rd, ', 'Bhimaraju Gutta, ', 'Ibrahimpatnam, A.P 521456.', '', 'The Commissioner of School Education,'),
(91, 'MUDA', 161, '', '', '', 'The Vice Chairman (MUDA), ', 'Machilipatnam Urban Development Authority, ', 'Railway Station, 19, Ramalayam Road Sarkar Thota,', 'near Chilakalapudi, Chilakalapudi, ', 'Machilipatnam, Andhra Pradesh 521002', 'The Vice Chairman (MUDA), '),
(92, 'ITE&C', 162, '', '', '', 'The Principal Secretary (ITE&C), ', 'IT Electronics & Communications Department, ', '4th Block Room No.208 First Floor,', 'AP Secretariat, Velagapudi Amaravati', '', 'The Principal Secretary (ITE&C), '),
(93, 'Revenue', 163, '', '', '', 'The Special Commissioner (APSDRI)', 'AP State Directorate of Revenue Intelligence,', 'Dr.No:59-3-8/2, Musunuri Narayan Street,', 'Ashok Nagar, Mogalrajpuram, Vijayawada,', '', 'The Special Commissioner (APSDRI)'),
(94, 'Andhra Pradesh Innovation Society(APIS)', 164, '', '', '', 'The CEO, (APIS),', 'Andhra Pradesh Innovation Society,', 'Info Sight 2nd Floor,', 'Survey No.78/2, Junction Tadepalli,', 'Prathuru, A.P-522501.', 'The CEO, (APIS),'),
(95, 'Roads and Buildings(R&B) dept', 165, '', '', '', 'The Engineer-In-Chief (R&B Dept),', 'Room No:501, R&B Office Complex,', 'MG Road, Labbipet, Vijayawada,', 'Krishna District, A.P-520010.', '', 'The Engineer-In-Chief (R&B Dept),'),
(96, 'Agriculture marketing Depratment', 155, '', '', '', 'The Commissioner & Director (Agricultural Marketing),', 'Chuttugunta, Guntur,', 'Andhra Pradesh-522003.', '', '', 'The Commissioner & Director (Agricultural Marketing),'),
(97, 'APSAC', 114, '', '', '', 'The Project Director, Andhra Pradesh State AIDS Control Society(APSAC), ', '2nd Floor, SP\'s River View Apartment,', 'Beside Manipal Hospital, Tadepalli,', 'Guntur District, Andhra Pradesh, India - 522 501.', 'Phone No: 08645 - 274121.', 'The Project Director, Andhra Pradesh State AIDS Control Society(APSAC), '),
(98, 'MAUD', 166, '', '', '', 'The Managing Director,Andhra Pradesh Greening and Beautification Corporation (APG&BC)', 'Plot No.30, Road.No.4, ', 'Sector: 4, Lotus landmark, ', 'Ayodhya Nagar, Kedarishwarpet, ', 'Vijayawada', 'The Managing Director,Andhra Pradesh Greening and Beautification Corporation (APG&BC)'),
(99, 'State level Recruitement board', 151, '', '', '', 'The Chairman (SLPRB),', 'State Level Recruitment Board, ', 'DGP Office, Mangalagiri,', 'Vijayawada.', '', 'The Chairman (SLPRB),'),
(100, 'GAD(SR) Department', 170, '', '', '', 'The E.O. Principal Secretary to Government (SR), ', 'General Administration (SR) Department, ', '2 nd floor, Hermitaee Comple,, ', 'Hill fort road, Adarsh Near, ', 'Saifabad, Hyderabad.', 'The E.O. Principal Secretary to Government (SR), '),
(101, 'KUDA', 101, '', '', '', 'The Vice Chairman (KUDA),', 'Kurnool Urban Development authority,', 'Bhargav Tej,R28V+7J9, A Camp,', 'Kurnool, Andhra Pradesh 518002', '', 'The Vice Chairman (KUDA),'),
(102, 'APTPC', 171, '', '', '', 'The Vice Chairman, Managing Director,(APTPC)', 'Andhra Pradesh Trade Promotion Corporation Limited', 'Prashanth house, Eluru Rd, ', 'beside APGENCO, above SBI bank, ', 'Gunadala, Vijayawada, A.P- 520004', 'The Vice Chairman, Managing Director,(APTPC)'),
(103, 'APTIDCO', 166, '', '', '', 'The Managing Director,', 'A.P Township & Infrastructure Development Corporation,', '4th Floor, PN Bus Stand, ', 'NTR Administrative Block, ', 'Vijayawada, Krishna District-520002, A.P.', 'The Managing Director,'),
(104, 'R&B Department', 165, '', '', '', 'The Engineer-IN Chief,', 'Roads & Building Department,', 'Room No:501, R&B Office Complex, ', 'M.G Road, Labbipet, Vijayawada, ', 'Krishna District-520010, A.P.', 'The Engineer-IN Chief,'),
(105, 'SS&LRS', 173, '', '', '', 'The Commissioner,', 'Survey, Settlement and Land Records Office, ', 'Sri Sai Residency, 7th Lane, Opp. Narayana School, ', 'Nagarjuna Nagar, currency nagar, ', 'Vijayawada, Andhra Pradesh 520008.', 'The Commissioner,'),
(106, 'APIIATP', 174, '', '', '', 'The State Project Director,Andhra Pradesh Integrated Irrigation and Agriculture Transformation Project', 'CADA, Water Resources Department.(APIIATP),', 'O/o Commissioner, CADA,', '3rd Floor, Vysya Bhavan,', 'Hanumanpet, Vijayawada-520003.', 'The State Project Director,Andhra Pradesh Integrated Irrigation and Agriculture Transformation Project'),
(107, 'APIIC', 175, '', '', '', 'The Managing Director,', 'Andhra pradesh Industrial Infrastructure Corporation Ltd, (APIIC)', 'APIIC towers Plot No-1,IT Park, Autonagar,Andhra Pradesh 522503', '', '', 'The Managing Director,'),
(108, 'APHDC', 176, '', '', '', 'The Managing Director,(APHDC Ltd)', 'Andhra Pradesh Handicrafts Development Corporation Ltd.', 'D.No 14-20-5, 1st Floor, CFSC Building,', 'Lepakshi Building, Gandhi Nagar,', 'Vijayawada, 520003 (A.P.)', 'The Managing Director,(APHDC Ltd)'),
(109, 'High Court', 177, '', '', '', 'The Registrar (IT-Cum-Central Project Coordinator),', 'High Court, Nelapadu, Amaravati,', 'Andhra Pradesh-522237.', '', '', 'The Registrar (IT-Cum-Central Project Coordinator),'),
(111, 'APPFCL', 120, '', '', '', 'The Chief Executive Officer, ', 'AP Power Finance Corporation LTD (APPFCL),', '48-12-16, 2nd floor, ', 'East wing Vidyut Soudha,', 'Gunadala, Vijayawada- 520004', 'The Chief Executive Officer'),
(112, 'AP Digital Corpration Limited', 178, '', '', '', 'The Vice Chairman & Managing Director,', ' AP Digital Corporation (APDC),', ' 3rd Floor, Plot No. 9, NTR Administrative Block,', ' Pandit Nehru Bus Station, NH ? 65,', ' Vijayawada ? 520001, Andhra Pradesh', 'The Vice Chairman & Managing Director,'),
(113, 'YSRAHCT', 179, '', '', '', 'The Chief Executive Officer, ', 'Dr.YSR Aarogyasri Health Care Trust,241, ', 'MGM Capital Building, Near NRI Junction,', ' Beside Little Village Restaurant,', ' Chinakakani, Mangalagiri, Guntur-522508', 'The Chief Executive Officer, '),
(114, 'AP State Council of Science & Technology', 180, '', '', '', 'The Member Secretary, ', 'Andhra Pradesh State Council of Science & Technology (APCOST),', 'Regional Science Center Rd, Next to A.P. Tourism, ', 'Bhavanipuram,V D Puram, ', 'Vijayawada, Andhra Pradesh 520012', 'The Member Secretary, '),
(115, 'APWRIMS', 181, '', '', '', 'The Director, Andhra Pradesh Water Resources Information & Management System(APWRIMS),', ' Ground Water & Water Audit Department,', '4th & 5th Floor, Vysya Bhavan, ', 'Namboori Gopalrao Street,', ' Vijayawada-520013', 'The Director, Andhra Pradesh Water Resources Information & Management System(APWRIMS),'),
(116, 'Anti Corruption Bureau (ACB)', 182, '', '', '', 'The Director General, ', 'Anti Corruption Bureau (ACB), ', 'A.P.Headquarters Office 2nd floor N.T.R.Admn Block,', ' Pandit Nehru Bus Station, ', 'Vijayawada-520001', 'The Director General, '),
(117, 'APMDC', 183, '', '', '', 'The Vice Chairman & Managing Director,', ' The AP Mineral Development Corporation Ltd. (APMDC), ', '294 / 1D 100 Ft. Road Kanuru Village,', ' Penamaluru Mandal, ', 'Vijayawada ? 521137', 'The Vice Chairman & Managing Director,'),
(118, 'AP STATE WAQF BOARD', 184, '', '', '', '', '', '', '', '', ''),
(119, 'APSDPS', 214, '', '', '', 'The Chief Executive Officer,', 'A.P. State Development Planning Society (APSDPS),', '5th Floor Kalanjali Building MG Rd, ', 'Opposite Kalanjali Labbipet, ', 'Vijayawada-520010', 'The Chief Executive Officer,'),
(120, 'Technical Education', 125, '', '', '', 'The Commissioner, ', 'Technical Education Department,', ' ANR Towers, ', 'Jammichettu Street, Prasadampadu, ', 'Vijayawada-52008', 'The Commissioner, '),
(121, 'AP State Election Commission', 186, '', '', '', 'The Secretary, ', 'Andhra Pradesh State Election Commission, ', 'R&B Building, 1st floor,', ' MG Road, Labbipet,', ' Vijayawada-520010', 'The Secretary, '),
(122, 'APSFL', 187, '', '', '', 'The Cheif Executive Officer, ', 'Andhra Pradesh State Fiber Net Limited, ', '3rd Floor, NTR Administrative Block,', ' Pandit Nehru Bus Station,', ' NH 65, Vijayawada-520001', 'The Cheif Executive Officer, '),
(123, 'Science City of AP', 188, '', '', '', 'The Cheif Executive Officer, ', 'Science City of Andhra Pradesh, ', 'Building No.4, Room No.170,', ' AP Secretariat, Velagapudi, ', 'Guntur-522238', 'The Cheif Executive Officer, '),
(124, 'APSWC', 189, '', '', '', 'The Managing Director,', 'AP State Warehousing Corporation (APSWC),', 'Stalin Corporate Building, Back side of Auto Nagar,', '2nd floor, D.No.55-17-3,C-13, Industrial Estate,', 'Autonagar, Vijayawada - 520007', 'The Managing Director,'),
(125, 'Municipal Corporation, Rajamahendravaram', 190, '', '', '', 'The Commissioner,', 'Rajamahendravaram Municipal Corporation, ', 'MCR Office Road, ', 'Rajahmundry-533101, ', 'Andhra Pradesh', 'The Commissioner,'),
(126, 'SSLR', 191, '', '', '', 'The Commissioner,', 'Survey Settlement and Land Records office, ', 'Sri Sai Residency 7th Lane Opp. Narayana School, ', 'Nagarjuna Nagar, Currency Nagar, ', 'Vijayawada, Andhra Pradesh 520008', 'The Commissioner,'),
(127, 'SEEDAP', 192, '', '', '', 'The Chief Executive Officer, ', 'Soceity for Employment Generation and Enterprise Development in AP (SEEDAP), ', '#2nd Floor, Dr.NTR Administrative Block, ', 'Pandit Nehru Bus Station, ', 'Vijayawada-520013', 'The Chief Executive Officer, '),
(128, 'Andhra Pradesh State Veternary Council (APSVC)', 193, '', '', '', 'The Registrar, ', 'Andhra Pradesh state Veterninary Coucil, ', 'Muthyalampadu, ', 'Near Govt. Printing Press, ', 'Vijayawada-520011', 'The Registrar, '),
(129, 'APGENCO', 194, '', '', '', 'The Chief General Manager (Adm IS&ERP), ', 'APGENCO, Vidyut Soudha, ', 'Eluru Road Gunadala, ', 'Vijayawada-520004', '', 'The Chief General Manager (Adm IS&ERP), '),
(130, 'Women Development & Child Welfare', 195, '', '', '', 'The Director, ', 'Women Development & Child Welfare (WDCW), ', '2nd floor Jampani Towers Lodge Centre, ', 'Amaravathi Road, ', 'Guntur-522002', 'The Director, '),
(131, 'APLWB', 196, '', '', '', 'The Welfare Commisisoner, ', 'Andhra Pradesh Labour Welfare Board, ', 'Door No.33-7-6 & 33-8-14, ', 'Paturi\'s Pride, Papaiah Street X Roads, ', 'Sitrampuram, Vijayawada-520002', 'The Welfare Commisisoner, '),
(132, 'Chief Electoral Officer to Govt.', 197, '', '', '', 'The Chief Electoral Officer to Govt, ', 'Election Commission of India, ', 'Room No.192 Ground Floor Building No.5, ', 'A.P.Secretariat Velagapudi, ', 'Amaravati-522238', 'The Chief Electoral Officer to Govt, '),
(133, 'SBTET', 198, '', '', '', 'The Commissioner, ', 'State Board of Technical Education and Training (SBTET), ', 'ANR Towers, 5th floor, ', 'Jammi Chettu Road, Prasadampadu, ', 'Vijayawada-521108', 'The Commissioner, '),
(134, 'AP Medical Council', 98, '', '', '', 'The Commissioner, ', 'Health & Family Welfare Department (H& FW) and Mission Director NHM, ', 'APIIC Building, 5th floor Mangalagiri, ', 'Guntur Dt.-522503', '', 'The Commissioner, '),
(135, 'AP Food Processing Society (APFPS)', 217, '', '', '', 'The Chief Executive Officer, ', 'Andhra Pradesh Food Processing Society (APFPS), ', 'D.No.48-11/1-5/8, ', 'Gadde Sambasiva Rao Street, ', 'Sri Rama Chandra Nagar, Vijayawada-520008', 'The Chief Executive Officer, '),
(136, 'APSSDC', 199, '', '', '', 'The Managing Director, ', 'AP State Skill Development Corporation (APSSDC), ', 'G&J Infra 3rd floor Infosight Building Paathuru Road Junction Survey No.782, ', 'NH 16 Service Road Tadepalli, ', 'Vijayawada-522501, Andhra Pradesh', 'The Managing Director, '),
(137, 'APCPDCL', 218, '', '', '', 'The Chairman & Managing Director, ', 'AP Central Power Distribution Corporation Ltd. (APCPDCL), ', 'Corporate Office, ', 'Beside Polytechnic College ITI Road, ', 'Vijayawad-520008', 'The Chairman & Managing Director, '),
(138, 'Forest Department', 200, '', '', '', 'The Prl. Chief Conservator of Forests & Head of Forest Force, ', 'Forest Department, ', 'Aranya Bhavan, K.M.Munshi Road, ', 'Nagarampalem, ', 'Guntur-522004, Andhra Pradesh', 'The Prl. Chief Conservator of Forests & Head of Forest Force, '),
(139, 'IGRS', 201, '', '', '', 'The Commissioner & Inspector General, ', 'Registration & Stamps Department (IGRS Dept.), ', '5-59 R.K.Spring Valley Apartments Edupugallu,', ' Kankipadu Mandal, ', 'Vijayawada-521151, Andhra Pradesh', 'The Commissioner & Inspector General, '),
(140, 'Fisheries', 202, '', '', '', 'The Commissioner, ', 'Fisheries Department, ', 'Bandar Road, Poranki, ', 'Near Mana Gramam, Penamaluru Centre, ', 'Vijayawada-521137', 'The Commissioner, '),
(141, 'E-Pragati', 203, '', '', '', 'The Chief Executive Officer, ', 'E-Pragati Authority, ', 'Survey No.78 2nd floor Infosight Building, ', 'Paathuru Road Junction NH-16 Service Road, ', 'Tadepalli Vijayawada-522501', 'The Chief Executive Officer, '),
(142, 'Amaravati Smart & Sustainable City Corporation Ltd ', 204, '', '', '', 'The MD & CEO, ', 'Amaravati smart & Sustainable City Corporation Limited (ASSCL), ', 'O/O AMRDA, Lenin Centre, ', 'Beside Apsara Theatre, ', 'Governorpet, Vijayawada-520002', 'The MD & CEO, '),
(143, 'Employee & Training', 219, '', '', '', 'The Director,', ' Employment & Training, Govt. ITI Campus, ', 'Vijayawada-520008', '', '', 'The Director,'),
(144, 'APITA', 205, '', '', '', 'The Chief Executive Officer, ', 'AP Information Technology Academy (APITA), ', '3rd floor Room No.317 R&B Building, ', 'M.G.Road Labbipet, ', 'Vijayawada-520010', '`'),
(145, 'Transport Department', 206, '', '', '', 'The Commissioner, ', 'Transport Department, ', 'A.P.Headquarters Officer, ', '2nd floor, N.T.R Admn Block, ', 'Pandit Nehru Bus Station, Vijayawada-520001', 'The Commissioner, '),
(146, 'Co-operation & Registrar of Co-operative Societies (CC & RCS)', 207, '', '', '', 'The Commissioner for Cooperation & Registrar of Co-operative Soceities (CC & RCS), ', 'Co-Operation Department, ', 'Sky Lark Towers D.No.2-16-83, ', '11th Line Syamala Nagar, ', 'Guntur-522006', 'The Commissioner for Cooperation & Registrar of Co-operative Soceities (CC & RCS), '),
(147, 'Directorate of Economics & Statistics, Gollapudi, Vijayawada', 208, '', '', '', 'The Director, ', 'Directorate of Economics & Statistics Govt of AP, ', 'Vasudha Shelters \'A\' Block 1st floor, ', 'LIC Colony Adda Road, ', 'Gollapudi Vijayawada-521225', 'The Director, '),
(148, 'Joint Collector, Collectorate Office, Chittoor', 209, '', '', '', 'The Joint Collector,', 'Collectorate Office,', 'Chittoor District ? 517002,', 'Andhra Pradesh', '', 'The Joint Collector,'),
(149, 'AP Government Life Insurance Department', 211, '', '', '', 'The Director,', 'A.P.Government Life Insurance Department (APGLI),', 'C-Block 5th Floor Anjaneya Towers, ', 'Bhimaraju Gutta Ibrahimpatnam,', 'Vijayawada-521456', 'The Director,'),
(150, 'Department of Horticulture', 212, '', '', '', 'The Commissioner,', 'Department of Horticulture,', 'Micro Irrigation Project (APMIP),', ' TTPC Building, 1st floor, Old Market Yard,', 'Chuttugunta, Guntur-522004.', 'The Commissioner,'),
(151, 'Andhra Pradesh Non-Resident Telugu Society', 213, '', '', '', 'The President, ', 'Andhra Pradesh Non-Resident Telugu Society (APNRTS),', 'Infosight Building 4th Floor S.No.78/2 NH 16 Service Road, ', 'Near Pathuru Road JunctionTadepalli, ', 'Guntur District Andhra Pradesh - 522501', 'The President, '),
(152, 'Rajamahendravaram Urban Development Authority', 215, '', '', '', 'The Vice Chair-person, ', 'Rajamahendravaram Urban Development Authority, ', 'Seshayya Metta,', ' Rajahmundry - 533101, ', 'Andhra Pradesh', 'The Vice Chair-person, '),
(153, 'Women Development & Child Welfare', 216, '', '', '', 'The Director, ', 'Women Development & Child Welfare (WDCW), ', '2nd floor Jampani Towers Lodge Centre,', ' Amaravathi Road Guntur-522002', '', 'The Director, '),
(154, 'APTRANSCO', 220, '', '', '', 'The Chief IT & Data Officer,\r\n', ' APTRANSCO, Vidyut Soudha,', ' Eluru Road Gunadala,', ' Vijayawada-520004', '', 'The Chief IT & Data Officer,\r\n');

-- --------------------------------------------------------

--
-- Table structure for table `departments`
--

CREATE TABLE `departments` (
  `sl` int(11) NOT NULL,
  `department_name` text NOT NULL
) ENGINE=InnoDB DEFAULT CHARSET=utf8mb4 COLLATE=utf8mb4_general_ci;

--
-- Dumping data for table `departments`
--

INSERT INTO `departments` (`sl`, `department_name`) VALUES
(98, 'HMFW'),
(99, 'Meeseva'),
(100, 'Water Resource Department, '),
(101, 'CDMA'),
(102, 'IASOA-AP'),
(103, 'APSCSCL'),
(104, 'CCLA'),
(105, 'APSDMA'),
(106, 'SERP'),
(107, 'RTGS'),
(108, 'APCTD'),
(109, 'APEMCL'),
(110, 'PR&RD'),
(111, 'APTS'),
(112, 'APBOCWWB'),
(113, 'TTD'),
(114, 'APSAC'),
(115, 'Board of Intermediate Education'),
(116, 'GVWV&VSWS'),
(117, 'AP Police Department'),
(118, 'APPSC'),
(119, 'Inspector General of Police'),
(120, 'APCFSS'),
(121, 'APSCHE'),
(122, 'PCB'),
(123, 'Andhra pradesh Tourism Authority'),
(124, 'Andhra University'),
(125, 'Technical Education'),
(126, 'I&PR'),
(127, 'APSLDC'),
(128, 'Sri durga Malleswara Swamy Varla Devasthanam'),
(129, ' Technical Education Department'),
(130, 'Dr.YSR Aarogyasri Health Care Truste'),
(131, 'APSRTC'),
(132, 'Swaccha Andhra Corporation'),
(133, 'RWS&S Dept'),
(134, 'Rythu Bazar'),
(135, 'AP Mineral Development corporation'),
(136, 'Rythu Bazar Sadhikara Samstha'),
(137, 'Veterinary University'),
(138, 'BPS'),
(139, 'SAPNET'),
(140, 'Nagarjuna University'),
(141, 'APDDCF'),
(142, 'APSGWD and APWRIMS'),
(143, 'APSBCL'),
(144, 'APDCA'),
(145, 'AP Industires'),
(146, 'APMSMEDC '),
(147, 'MEPMA'),
(148, 'Tribal welfare'),
(149, 'Finance Department'),
(151, 'Police Department'),
(152, 'APHRDI'),
(153, 'Camp office'),
(154, 'APMARKFED'),
(155, 'Agriculture Depratment'),
(156, 'APSHCL'),
(157, 'JNTUA'),
(158, 'APSBB'),
(159, 'Election Commission '),
(160, 'School education'),
(161, 'MUDA'),
(162, 'ITE&C'),
(163, 'APSDRI'),
(164, 'APIS'),
(165, 'R&B dept'),
(166, 'MAUD'),
(167, 'S.P office Tirupati'),
(168, 'Civil Supplies'),
(169, 'Baord of Intermediate'),
(170, 'GAD'),
(171, 'APTPC'),
(172, 'R&B Department'),
(173, 'SS&LRS'),
(174, 'APIIATP'),
(175, 'APIIC'),
(176, 'APHDC'),
(177, 'High Court'),
(178, 'Infrastructure and Investments Dept'),
(179, 'YSRAHCT'),
(180, 'APCOST'),
(181, 'Ground Water and Water Audit Department'),
(182, 'ACB'),
(183, 'APMDC'),
(184, 'WAQF Board'),
(185, 'Planing'),
(186, 'apsec'),
(187, 'APSFL'),
(188, 'Science City of AP'),
(189, 'APSWC'),
(190, 'Rajamahendravaram Municipal Corporation'),
(191, 'SSLR'),
(192, 'SEEDAP'),
(193, 'APSVC'),
(194, 'APGENCO'),
(195, 'Women Development and Child Welfare'),
(196, 'AP Labour Welfare'),
(197, 'Chief Electoral Officer to Govt.'),
(198, 'SBTET'),
(199, 'APSSDC'),
(200, 'Forest Department'),
(201, 'IGRS'),
(202, 'Fisheries'),
(203, 'E-Pragati'),
(204, 'ASSCCL'),
(205, 'APITA'),
(206, 'Transport Department'),
(207, 'Co-Operation and Registrar of Co-Opertive Societies'),
(208, 'DE&S Dept. Gollapudi, Vijayawada'),
(209, 'Joint Collector, Collectorate Office, Chittoor'),
(211, 'APGLI'),
(212, 'Horticulture Department'),
(213, 'APNRTS'),
(214, 'APSDPS'),
(215, 'RUDA'),
(216, 'WDCW'),
(217, 'APFPS'),
(218, 'apcpdcl\r\n'),
(219, 'ITI'),
(220, 'APTRANSCO');

-- --------------------------------------------------------

--
-- Table structure for table `transaction_log`
--

CREATE TABLE `transaction_log` (
  `sl` int(11) NOT NULL,
  `qty` int(11) DEFAULT NULL,
  `total` int(11) NOT NULL,
  `app_name` text NOT NULL,
  `app_type` text NOT NULL,
  `category` text NOT NULL,
  `customer` text NOT NULL,
  `address` text NOT NULL,
  `address2` text NOT NULL,
  `address3` text NOT NULL,
  `address4` text NOT NULL,
  `address5` text NOT NULL,
  `subject_address` text NOT NULL,
  `invoice_date` date NOT NULL,
  `mail_received_date` date NOT NULL,
  `sales_tax` double NOT NULL,
  `sales_tax_amount` double NOT NULL,
  `gross_amount` double NOT NULL,
  `transaction_status` text NOT NULL,
  `payment_status` text NOT NULL,
  `received_amount` int(11) DEFAULT NULL,
  `raised_at` timestamp NOT NULL DEFAULT current_timestamp(),
  `remarks` text DEFAULT NULL,
  `cfms_id` text DEFAULT NULL,
  `certificate_issued_date` date DEFAULT NULL,
  `certificate_expiry_date` date DEFAULT NULL,
  `apts_receipt_no` text DEFAULT NULL,
  `apts_receipt_date` date DEFAULT NULL,
  `gov` text NOT NULL
) ENGINE=InnoDB DEFAULT CHARSET=utf8mb4 COLLATE=utf8mb4_general_ci;

--
-- Dumping data for table `transaction_log`
--

INSERT INTO `transaction_log` (`sl`, `qty`, `total`, `app_name`, `app_type`, `category`, `customer`, `address`, `address2`, `address3`, `address4`, `address5`, `subject_address`, `invoice_date`, `mail_received_date`, `sales_tax`, `sales_tax_amount`, `gross_amount`, `transaction_status`, `payment_status`, `received_amount`, `raised_at`, `remarks`, `cfms_id`, `certificate_issued_date`, `certificate_expiry_date`, `apts_receipt_no`, `apts_receipt_date`, `gov`) VALUES
(3717, 1, 31969, 'MSS Application', 'web', 'Simple', '29', 'The Commissioner Mission Director NHM,', 'Health & Family Welfare(CH&FW) Department, ', ' 5th Floor APIIC Building,', 'Mangalagiri Guntur Dt., Andhra Pradesh.', '', 'The Commissioner Mission Director NHM,', '2022-01-04', '2021-02-02', 18, 7017.66, 38987, 'Approved', 'Unpaid', 0, '2023-02-20 07:27:24', '', '', '0000-00-00', '0000-00-00', '', '0000-00-00', 'gov'),
(3718, 1, 63939, '1.)TB Express Driver APK(Driver Application) 2.)TB Express APK(Facility Application)', 'mobile', 'Simple', '29', 'The Commissioner Mission Director NHM,', 'Health & Family Welfare(CH&FW) Department, ', ' 5th Floor APIIC Building,', 'Mangalagiri Guntur Dt., Andhra Pradesh.', '', 'The Commissioner Mission Director NHM,', '2022-01-04', '2021-02-02', 18, 14035.32, 77974, 'Approved', 'Unpaid', 0, '2023-02-20 07:27:24', '', '', '0000-00-00', '0000-00-00', '', '0000-00-00', 'gov'),
(3719, 1, 71247, 'Meeseva Department Portal', 'web', 'Medium', '30', 'The Director, ESD (Meeseva),', ' Plot No.11&12 Backside of BSNL Telephone Exchange,', ' Autonagar, Vijayawada-520007', '', '', 'The Director, ESD (Meeseva),', '2022-01-04', '2021-01-08', 18, 15639.48, 86886, 'Approved', 'Paid', 86886, '2023-02-20 07:27:24', 'payment received', '', '0000-00-00', '0000-00-00', '26154', '2022-02-17', 'gov'),
(3720, 1, 71247, 'Issue Monitoring System (IMS)', 'web', 'Medium', '31', 'The Engineer-In-Chief,', ' Water Resources Department,', ' #48-10/9-1N.H.Feeder Road, ', 'Near Ramavarappadu Circle,', ' Currency Nagar Vijayawada', 'The Engineer-In-Chief,', '2022-01-06', '2020-12-20', 18, 15639.48, 86886, 'Approved', 'Unpaid', 0, '2023-02-20 07:27:24', '', '', '0000-00-00', '0000-00-00', '', '0000-00-00', 'gov'),
(3721, 1, 31969, 'Online Waste Management System (OWMS)', 'web', 'Simple', '32', 'The Commissioner & Director of Municipal Administration, ', 'Municipal Administration Department,', ' Prime Hill Crest 4th Floor Near DGP Office, ', 'Beside Ultratech ReadyMix Plant Vaddeswaram Village,', ' Mangalagiri-522502', 'The Commissioner & Director of Municipal Administration, ', '2022-01-10', '2020-12-22', 18, 7017.66, 38987, 'Approved', 'Unpaid', 0, '2023-02-20 07:27:24', '', '', '0000-00-00', '0000-00-00', '', '0000-00-00', 'gov'),
(3722, 1, 71247, 'IAS Association Website', 'web', 'Medium', '33', 'The Joint Secretary,', ' IAS Officers Association of AP (IASOA-AP),', 'GM22+FM6 Municipal Employees Colony, ', 'Acharya Ranga Nagar Benz Circle, ', 'Vijayawada-520010', 'The Joint Secretary,', '2022-01-12', '2022-01-12', 18, 15639.48, 86886, 'Approved', 'Unpaid', 0, '2023-02-20 07:27:24', '', '', '0000-00-00', '0000-00-00', '', '0000-00-00', 'gov'),
(3723, 1, 137012, 'Paddy Procurement Portal, Supply Management & e-Account', 'web', 'Complex', '34', 'The Vice Chairman & Managing Director,\n ', 'AP State Civil Supplies Corporation Ltd,', '  IV th & V th Floor Corp.Office H.No.10-152/1', ' Sri Sai Towers Ashok Nagar, Beside Siris Company', ' Kanuru Bandar Road, Vijayawada-520007.', 'The Vice Chairman & Managing Director,\n ', '2022-01-17', '2022-01-11', 18, 30075.84, 167088, 'Approved', 'Unpaid', 0, '2023-02-20 07:27:24', '', '', '0000-00-00', '0000-00-00', '', '0000-00-00', 'gov'),
(3724, 1, 71247, 'web (POLR)', 'web', 'Medium', '35', 'The Chief Commissioner of Land Administration (CCLA), ', 'Department of Revenue,', '22-19 Jaasthi Towers 2nd floor, ', '1st Block Saipuram Colony Road,', ' Gollapudi Vijayawada-521225', 'The Chief Commissioner of Land Administration (CCLA), ', '2022-01-20', '2021-12-20', 18, 15639.48, 86886, 'Approved', 'Unpaid', 0, '2023-02-20 07:27:24', '', '', '0000-00-00', '0000-00-00', '', '0000-00-00', 'gov'),
(3725, 1, 31969, 'web (POLR)', 'web', 'Simple', '36', 'The Managing Director,', 'Andhra Pradesh State Disaster Management Authority (APSDMA),', 'Genious JR Towers D.No: 21/2B Pathuru Cross Road Centre,', 'Kunchanpalli(PO) Tadepalli Mandal,', 'Guntur District-522501', 'The Managing Director,', '2022-01-21', '2021-12-20', 18, 7017.66, 38987, 'Approved', 'Paid', 38987, '2023-02-20 07:27:24', '38,987 payment received', '', '0000-00-00', '0000-00-00', '26502', '2022-04-29', 'gov'),
(3726, 1, 120570, 'SHGAP & STREENIDHI MODULE', 'web & mobile', 'Medium', '37', 'The Chief Executive Officer,', ' Society for Elimination of Rural Poverty (SERP),', '2nd floor Dr.NTR Administrative Block,', 'Pandit Nehru RTC Bus Complex,', 'Vijayawada- 520001', 'The Chief Executive Officer,', '2022-02-01', '2022-02-01', 18, 26466.6024, 147036.68, 'Approved', 'Unpaid', 0, '2023-02-20 07:27:24', '', '2589456', '0000-00-00', '0000-00-00', '', '0000-00-00', 'gov'),
(3727, 1, 71246, 'APCMRF', 'web', 'Medium', '38', 'The Chief Executive Officer,', ' Real Time Governance Society (RTGS),', ' Block-1,', ' AP Secretariat, ', 'Velagapudi Amaravati', 'The Chief Executive Officer,', '2022-02-01', '2022-02-01', 18, 15639.3, 86885, 'Approved', 'Unpaid', 0, '2023-02-20 07:27:24', '', '', '0000-00-00', '0000-00-00', '', '0000-00-00', 'gov'),
(3728, 1, 31969, 'www.apct.staging.ap.gov.in', 'web', 'Simple', '39', 'The Additional Commissioner (ST), ', 'Commercial Taxes Department, ', 'Eedupugallu,', ' Vijayawada', '', 'The Additional Commissioner (ST), ', '2022-02-03', '2022-02-01', 18, 7017.66, 38987, 'Approved', 'Unpaid', 0, '2023-02-20 07:27:25', '', '', '0000-00-00', '0000-00-00', '', '0000-00-00', 'gov'),
(3729, 1, 71247, 'APEMC', 'web', 'Medium', '40', 'The Managing Director,', 'A.P.Environment Management Corporation Ltd.,', 'D.No. 39-3-51 4th Floor Kalanjali Building,', 'Opp. Pvp mall M.G Road,', ' LabbipetVijayawada ? 520010', 'The Managing Director,', '2022-02-07', '2022-02-07', 18, 15639.48, 86886, 'Approved', 'Paid', 85413, '2023-02-20 07:27:25', '85,413 Payment Received', '', '0000-00-00', '0000-00-00', '26405', '2022-04-12', 'gov'),
(3730, 1, 98648, 'PMSC & SERP Training Apps.', 'web', 'Medium', '37', 'The Chief Executive Officer,', ' Society for Elimination of Rural Poverty (SERP),', '2nd floor Dr.NTR Administrative Block,', 'Pandit Nehru RTC Bus Complex,', 'Vijayawada- 520001', 'The Chief Executive Officer,', '2022-02-04', '2022-02-03', 18, 21654.54, 120303, 'Approved', 'Unpaid', 0, '2023-02-20 07:27:25', '', '', '0000-00-00', '0000-00-00', '', '0000-00-00', 'gov'),
(3731, 1, 137012, 'VO/MS/ZS Accounting Applications', 'web', 'Complex', '37', 'The Chief Executive Officer,', ' Society for Elimination of Rural Poverty (SERP),', '2nd floor Dr.NTR Administrative Block,', 'Pandit Nehru RTC Bus Complex,', 'Vijayawada- 520001', 'The Chief Executive Officer,', '2022-02-07', '2022-02-03', 18, 30075.84, 167088, 'Approved', 'Unpaid', 0, '2023-02-20 07:27:25', '', '', '0000-00-00', '0000-00-00', '', '0000-00-00', 'gov'),
(3732, 1, 356232, 'MGNREGS, DCC, CRD, DWMA,APEFMS', 'web', 'Medium', '41', 'The Commissioner,', ' Panchayati Raj &Rural Development,', ' D.No:12-47 PVS Icon Building Pathuru Cross Road, ', '4/7 Inner Ring road Gorantla,', ' Tadepalli Vijayawada-522501', 'The Commissioner,', '2022-02-07', '2022-02-01', 18, 78197.22, 434429, 'Approved', 'Unpaid', 0, '2023-02-20 07:27:25', '', '', '0000-00-00', '0000-00-00', '', '0000-00-00', 'gov'),
(3733, 1, 137012, 'AUA / KUA Services', 'web', 'Complex', '42', 'The Managing Director,', 'AP Technology Services Ltd (APTSL),', '3rd floor R&B Building, ', 'Opp. Indira Gandhi Municipal Stadium Bandar Road, ', 'Vijayawada-520010', 'The Managing Director,', '2022-01-31', '2022-01-31', 18, 30075.84, 167088, 'Approved', 'Unpaid', 0, '2023-02-20 07:27:25', 'no reminder', '', '0000-00-00', '0000-00-00', '', '0000-00-00', 'gov'),
(3734, 1, 71247, 'www.apbocwwb.ap.nic.in', 'web', 'Medium', '43', 'The Secretary & CEO,', 'A.P.Building & Other Construction Workers Welfare Board (APBOCWWB),', 'O/o Commissioner of Labour, ', '#33-7-6 #33-8-14 2nd Floor ', 'Paturis Pride Papaiah Street Seetharampuram, Vijayawada - 520002.', 'The Secretary & CEO,', '2022-02-11', '2022-02-09', 18, 15639.48, 86886, 'Approved', 'Paid', 85413, '2023-02-20 07:27:25', '85413 payment received', '', '0000-00-00', '0000-00-00', '26515', '2022-06-15', 'gov'),
(3735, 1, 71247, 'https://usses-sit.jionetmeds.com/usses/login', 'web', 'Medium', '44', 'The Executive Officer,', 'Tirumala Tirupati Devasthanams (TTD),', '2nd Floor Room No.81C IT Dept,', 'Administrative Building, ', 'K.T.Road Tirupati - 517501', 'The Executive Officer,', '2022-02-11', '2022-02-11', 18, 15639.48, 86886, 'Approved', 'Unpaid', 0, '2023-02-20 07:27:25', '', '', '0000-00-00', '0000-00-00', '', '0000-00-00', 'gov'),
(3736, 1, 120571, 'APMVTS', 'web & mobile', 'Medium', '45', 'The Vice Chairman,', ' Andhra Pradesh Space Application Centre (APSAC), ', '#40-17-3/1 M.G.Road,', ' Labbipet Vijayawada-520010,', ' Andhra Pradesh', 'The Vice Chairman,', '2022-02-18', '2021-12-20', 18, 26466.84, 147038, 'Approved', 'Paid', 147038, '2023-02-20 07:27:25', '147038 payment received', '', '0000-00-00', '0000-00-00', '26539', '2022-10-18', 'gov'),
(3737, 1, 71247, 'Spandana Web Portal', 'web', 'Medium', '38', 'The Chief Executive Officer,', ' Real Time Governance Society (RTGS),', ' Block-1,', ' AP Secretariat, ', 'Velagapudi Amaravati', 'The Chief Executive Officer,', '2022-02-23', '2022-02-23', 18, 15639.48, 86886, 'Approved', 'Unpaid', 0, '2023-02-20 07:27:25', '', '', '0000-00-00', '0000-00-00', '', '0000-00-00', 'gov'),
(3738, 1, 31969, 'APMAS Application', 'web', 'Simple', '37', 'The Chief Executive Officer,', ' Society for Elimination of Rural Poverty (SERP),', '2nd floor Dr.NTR Administrative Block,', 'Pandit Nehru RTC Bus Complex,', 'Vijayawada- 520001', 'The Chief Executive Officer,', '2022-02-28', '2022-02-23', 18, 7017.66, 38987, 'Approved', 'Unpaid', 0, '2023-02-20 07:27:25', '', '', '0000-00-00', '0000-00-00', '', '0000-00-00', 'gov'),
(3739, 1, 71247, 'Question Paper Software', 'web', 'Medium', '46', 'The Chief Executive Officer, ', 'Board of Intermediate Education,', 'R.No.114/C3  2nd, 3rd & 4th floors', ' Eswar Elite Beside Sonovision Tadepalli,', ' Guntur District Pin: 522501.', 'The Chief Executive Officer, ', '2022-02-28', '2022-02-28', 18, 15639.48, 86886, 'Approved', 'Paid', 86886, '2023-02-20 07:27:25', 'payment received', '', '0000-00-00', '0000-00-00', '26118', '2021-12-29', 'gov'),
(3740, 1, 71247, 'Internet Speed Monitoring Dashboard', 'web', 'Medium', '47', 'The Commissioner & Director,', 'Andhra Pradesh Gram Volunteers/ Ward Volunteers and Village Secretariats/ Ward Secretariats Department [GSWSD], ', 'AP state Housing corporation ltd Plot no.11 & 12,', ' backside of BSNL telephone exchange Near APIIC colony,', ' Autonagar Vijayawada-520007', 'The Commissioner & Director,', '2022-03-04', '2022-03-03', 18, 15639.48, 86886, 'Approved', 'Paid', 79523, '2023-02-20 07:27:25', '79,523 payment received', '', '0000-00-00', '0000-00-00', '26519', '2022-06-17', 'gov'),
(3741, 1, 103216, 'AP Police Seva Application', 'web & mobile', 'Medium & Simple', '48', 'The Director General of Police,', 'Andhra Pradesh Police Department,', 'Crime and Criminal Tracking Network & Systems (CCTNS), ', ' AP State Police Tech Towers, ', 'Mangalagiri Guntur District - 522502', 'The Director General of Police,', '2022-03-04', '2022-03-03', 18, 22657.14, 125873, 'Approved', 'Unpaid', 0, '2023-02-20 07:27:25', '', '', '0000-00-00', '0000-00-00', '', '0000-00-00', 'gov'),
(3742, 1, 71247, 'APPSC Website', 'web', 'Medium', '49', 'The Chairman, ', 'Andhra Pradesh Public Service Commission (APPSC), ', '2nd Floor MG Road Opp Indira Gandhi Municipal Stadium ,', 'New R&B Building,', ' Vijayawada-520010', 'The Chairman, ', '2022-03-08', '2022-03-07', 18, 15639.48, 86886, 'Approved', 'Paid', 85148, '2023-02-20 07:27:25', '85418 payment received', '', '0000-00-00', '0000-00-00', '26533', '2022-09-14', 'gov'),
(3743, 1, 71247, 'MeeSeva Kiosk Portal', 'web', 'Medium', '30', 'The Director, ESD (Meeseva),', ' Plot No.11&12 Backside of BSNL Telephone Exchange,', ' Autonagar, Vijayawada-520007', '', '', 'The Director, ESD (Meeseva),', '2022-03-09', '2022-03-09', 18, 15639.48, 86886, 'Approved', 'Paid', 86886, '2023-02-20 07:27:25', '86886 payment received', '', '0000-00-00', '0000-00-00', '26523', '2022-06-29', 'gov'),
(3744, 1, 71246, 'Citizen Services', 'web', 'Medium', '48', 'The Director General of Police,', 'Andhra Pradesh Police Department,', 'Crime and Criminal Tracking Network & Systems (CCTNS), ', ' AP State Police Tech Towers, ', 'Mangalagiri Guntur District - 522502', 'The Director General of Police,', '2022-03-25', '2022-01-12', 18, 15639.3, 86885, 'Approved', 'Unpaid', 0, '2023-02-20 07:27:26', '', '', '0000-00-00', '0000-00-00', '', '0000-00-00', 'gov'),
(3745, 1, 71246, 'Payroll application', 'web', 'Medium', '50', 'The Chief Executive officer ,', '(Andhra Pradesh Centre for Financial Systems and Services (APCFSS) (APCFSS),', '6th Floor C-Block Anjaneya Towers 24-125,', 'Vijayawada - Mylavaram Rd Bhimaraju Gutta,', 'Ibrahimpatnam Andhra Pradesh 521456.', 'The Chief Executive officer ,', '2022-03-25', '2022-03-07', 18, 15639.3, 86885, 'Approved', 'Unpaid', 0, '2023-02-20 07:27:26', '', '', '0000-00-00', '0000-00-00', '', '0000-00-00', 'gov'),
(3746, 1, 48380, 'LMS application', 'web', 'Medium', '51', 'The Secretory,', 'AP State Council Of Higher Education (APSCHE),', ' NEELADRI TOWERS,6TH BATTALIAN ROAD,', ' Mangalagiri,', 'Andhra pradesh 522503', 'The Secretory,', '2022-02-18', '2022-02-14', 18, 10620, 59000, 'Approved', 'Paid', 58000, '2023-02-20 07:27:26', '58,000 payment received', '', '0000-00-00', '0000-00-00', '26503', '2022-04-29', 'gov'),
(3747, 1, 95908, 'PCB,RRC,CZMA', 'web', 'Simple', '52', 'The Member Secretary, ', 'Andhra Pradesh Pollution Control Board (APPCB),', 'D.No. 33-26-14 D/2, Near Sunrise Hospital,', 'Pushpa Hotel Centre, Chalamalavari Street,', 'Kasturibaipet,Vijayawada ? 520 010', 'The Member Secretary, ', '2022-03-29', '2022-03-24', 18, 21052.98, 116961, 'Approved', 'Paid', 112996, '2023-02-20 07:27:26', '112996 payment received', '', '0000-00-00', '0000-00-00', '26513', '2022-06-10', 'gov'),
(3748, 1, 31969, 'APTA e-Guides', 'web', 'Simple', '53', 'The Cheif Executive Officer,', 'Andhra pradesh Tourism Authority,', '5th floor,Near CGO Complex,', 'Industrial Estate,', 'Vijayawada ,Andhra pradesh-520007', 'The Cheif Executive Officer,', '2022-02-16', '2022-02-15', 18, 7017.66, 38987, 'Approved', 'Unpaid', 0, '2023-02-20 07:27:26', '', '', '0000-00-00', '0000-00-00', '', '0000-00-00', 'gov'),
(3749, 1, 77408, '1.www.andhrauniversity.edu.in 2.https://exams.andhrauniversity.edu.in/ 3.https://results.andhrauniversity.edu.in/ 4.https://services.andhrauniversity.edu.in/)', 'web', 'Complex', '54', 'The Vice Chancellor,', 'Andhra University, ', 'Waltair Junction, ', 'Visakhapatnam-530003, ', 'Andhra Pradesh, Phone : 0891 2844000 | 2844197', 'The Vice Chancellor,', '2022-02-09', '2022-02-09', 18, 16992, 94400, 'Approved', 'Paid', 92512, '2023-02-20 07:27:26', '92512 payment received', '', '0000-00-00', '0000-00-00', '26529', '2022-09-06', 'gov'),
(3750, 1, 71246, 'Payroll application', 'web', 'Medium', '55', 'The Commissioner of Technical Education,', 'ANS Towers, Jammi Chettu Rd,', 'Prasadampadu, Currency Nagar,', 'Vijaywada, Andhra Pradesh ? 521108', '', 'The Commissioner of Technical Education,', '2022-03-25', '2022-03-14', 18, 15639.3, 86885, 'Approved', 'Paid', 78050, '2023-02-20 07:27:26', '78050 payment received', '', '0000-00-00', '0000-00-00', '26520', '2022-06-27', 'gov'),
(3751, 1, 31969, 'I&PR Application', 'web', 'Simple', '56', 'The Commissioner, ', 'Information and public relations department,I&PR,', '2 nd foor, NTR Administrrttriee Block,', 'Ptnditr Nehru Bus Strtnd,', 'Vijayawada, Krishnt Distrrict', 'The Commissioner, ', '2022-03-25', '2022-03-22', 18, 7017.66, 38987, 'Approved', 'Paid', 33880, '2023-02-20 07:27:26', '35,088 payment received , 1208 deductions remaining 33,880 credited ', '', '0000-00-00', '0000-00-00', '26560', '2023-01-20', 'gov'),
(3752, 1, 145140, '100 IPs', 'network', '-', '57', 'The Chief engineer,', ' APSLDC,Andhra Pradesh State Load Despatch Centre', 'Vidyut Soudha,', ' Eluru Rd, Gunadala,', 'Vijayawada, Andhra Pradesh 520004.', 'The Chief engineer,', '2022-03-25', '2022-03-10', 18, 31860, 177000, 'Approved', 'Unpaid', 0, '2023-02-20 07:27:26', '', '', '0000-00-00', '0000-00-00', '', '0000-00-00', 'gov'),
(3753, 1, 31969, 'kanakadurgamma.org ', 'web', 'Simple', '58', ' The Executive Officer ,', 'Sri durga Malleswara Swamy Varla Devasthaname,', 'Indrakeeladrie Vijayawada- 520001', '', '', ' The Executive Officer ,', '2022-03-29', '2022-03-09', 18, 7017.66, 38987, 'Approved', 'Unpaid', 0, '2023-02-20 07:27:26', '', '', '0000-00-00', '0000-00-00', '', '0000-00-00', 'gov'),
(3754, 1, 71246, 'DTE-MIS Application ', 'web', 'Medium', '55', 'The Commissioner of Technical Education,', 'ANS Towers, Jammi Chettu Rd,', 'Prasadampadu, Currency Nagar,', 'Vijaywada, Andhra Pradesh ? 521108', '', 'The Commissioner of Technical Education,', '2022-03-30', '2022-03-17', 18, 15639.3, 86885, 'Approved', 'Paid', 78050, '2023-02-20 07:27:26', '78050 payment received', '', '0000-00-00', '0000-00-00', '26520', '2022-06-27', 'gov'),
(3755, 1, 71246, 'CMS Application', 'web', 'Medium', '37', 'The Chief Executive Officer,', ' Society for Elimination of Rural Poverty (SERP),', '2nd floor Dr.NTR Administrative Block,', 'Pandit Nehru RTC Bus Complex,', 'Vijayawada- 520001', 'The Chief Executive Officer,', '2022-03-30', '2022-03-25', 18, 15639.3, 86885, 'Approved', 'Unpaid', 0, '2023-02-20 07:27:26', '', '', '0000-00-00', '0000-00-00', '', '0000-00-00', 'gov'),
(3756, 1, 63939, 'YSR Cheyuta,PMSC', 'web', 'Medium,Simple', '37', 'The Chief Executive Officer,', ' Society for Elimination of Rural Poverty (SERP),', '2nd floor Dr.NTR Administrative Block,', 'Pandit Nehru RTC Bus Complex,', 'Vijayawada- 520001', 'The Chief Executive Officer,', '2022-04-01', '2022-03-29', 18, 14035.32, 77974, 'Approved', 'Unpaid', 0, '2023-02-20 07:27:26', '', '', '0000-00-00', '0000-00-00', '', '0000-00-00', 'gov'),
(3757, 1, 31969, 'Telemedicine', 'web', 'Simple', '59', 'The Chief Executive Officer Dr.YSR Aarogyasri Health Care Truste', 'D.No.241e MGM Capital Buildings Near NRI Junctione', 'Beside Little Village Restaurante Chinakakanie', 'Mangalagiri Guntur-522508', '', 'The Chief Executive Officer Dr.YSR Aarogyasri Health Care Truste', '2022-04-01', '2022-03-09', 18, 7017.66, 38987, 'Approved', 'Unpaid', 0, '2023-02-20 07:27:26', '', '', '0000-00-00', '0000-00-00', '', '0000-00-00', 'gov'),
(3758, 1, 137012, 'HRMS,AWFP & AHAP', 'web', 'Complex', '37', 'The Chief Executive Officer,', ' Society for Elimination of Rural Poverty (SERP),', '2nd floor Dr.NTR Administrative Block,', 'Pandit Nehru RTC Bus Complex,', 'Vijayawada- 520001', 'The Chief Executive Officer,', '2022-04-11', '2022-04-04', 18, 30075.84, 167088, 'Approved', 'Unpaid', 0, '2023-02-20 07:27:26', '', '', '0000-00-00', '0000-00-00', '', '0000-00-00', 'gov'),
(3759, 1, 71246, 'e-seva Application', 'web', 'Medium', '30', 'The Director, ESD (Meeseva),', ' Plot No.11&12 Backside of BSNL Telephone Exchange,', ' Autonagar, Vijayawada-520007', '', '', 'The Director, ESD (Meeseva),', '2022-04-11', '2022-03-29', 18, 15639.3, 86885, 'Approved', 'Paid', 86886, '2023-02-20 07:27:26', '86886 payment received', '', '0000-00-00', '0000-00-00', '26522', '2022-06-29', 'gov'),
(3760, 1, 272197, 'OPRS Project, Pass Accountable Automation system, VT&PIS, APSRTC Website', 'web', 'Complex', '60', 'Vice Chairman &Managing Director, ', 'AP state Road Transport Corporation (APSRTC), ', 'RTC House, Vijayawada', '', '', 'Vice Chairman &Managing Director, ', '2022-04-12', '2022-04-12', 18, 59750.46, 331947, 'Approved', 'Unpaid', 0, '2023-02-20 07:27:27', '', '', '0000-00-00', '0000-00-00', '', '0000-00-00', 'gov'),
(3761, 1, 77411, 'YSR Pensions', 'mobile', 'Complex', '37', 'The Chief Executive Officer,', ' Society for Elimination of Rural Poverty (SERP),', '2nd floor Dr.NTR Administrative Block,', 'Pandit Nehru RTC Bus Complex,', 'Vijayawada- 520001', 'The Chief Executive Officer,', '2022-04-12', '2022-04-07', 18, 16992.72, 94404, 'Approved', 'Unpaid', 0, '2023-02-20 07:27:27', '', '2714419', '0000-00-00', '0000-00-00', '', '0000-00-00', 'gov'),
(3762, 1, 71246, 'SAC application', 'web', 'Medium', '61', 'The Managing Director, ', 'Swaccha Andhra Corporation,', ' H.No.54-16-1/14/D, 3rd Floor, Road. No.2,', 'Central Excise colony, Andhra Loyola College Road', ' , Vijayawada-520008', 'The Managing Director, ', '2022-04-12', '2022-04-07', 18, 15639.3, 86885, 'Approved', 'Unpaid', 0, '2023-02-20 07:27:27', '', '', '0000-00-00', '0000-00-00', '', '0000-00-00', 'gov'),
(3763, 1, 135184, 'RWS Application, Grama Volunteer Mobile App, Water Tank Mobile App', 'web', 'Medium', '62', 'The Engineer-in-Chief,', 'Rural water supply and sanitation( RWS&S) Dept,', 'C Block, Vasudha Shelters, ', 'Gollapudi, Vijayawada-521225', '', 'The Engineer-in-Chief,', '2022-04-13', '2022-04-11', 18, 29674.62, 164859, 'Approved', 'Unpaid', 0, '2023-02-20 07:27:27', '', '', '0000-00-00', '0000-00-00', '', '0000-00-00', 'gov'),
(3764, 1, 71246, 'Rythu Bazar Application', 'web', 'Medium', '63', 'Chief Executive Officer, ', 'Rythu Bazar Head office, ', 'spices Board of India,', ' Murkipeta Maharshi Dayanand Nagar, ', 'Guntur-522003, Andhra Pradesh', 'Chief Executive Officer, ', '2022-04-19', '2022-04-18', 18, 15639.3, 86885, 'Approved', 'Unpaid', 0, '2023-02-20 07:27:27', '', '', '0000-00-00', '0000-00-00', '', '0000-00-00', 'gov'),
(3765, 1, 31969, 'APMDC Portal', 'web', 'Simple', '64', 'Vice Chairman &Managing Director, ', 'AP Mineral Developmenet Corporation Ltd,(APMDC), ', '294/1D Ft. Road Kanuru Village, ', 'Penamaluru Mandal, ', 'Vijayawada-521137', 'Vice Chairman &Managing Director, ', '2022-04-19', '2022-04-18', 18, 7017.66, 38987, 'Approved', 'Unpaid', 0, '2023-02-20 07:27:27', '', '', '0000-00-00', '0000-00-00', '', '0000-00-00', 'gov'),
(3766, 1, 31969, 'URVI', 'web', 'Simple', '65', 'CEO, Rythu Bazar Sadhikara Samstha,', ' First Floor, Sahasra Apartment Block-2,', ' Opposite Hasanna Mandir, ', 'Amaravathi Road, Gorantla,', ' Guntur, Andhar Pradesh-522034', 'CEO, Rythu Bazar Sadhikara Samstha,', '2022-04-19', '2022-04-18', 18, 7017.66, 38987, 'Approved', 'Paid', 38326, '2023-02-20 07:27:28', '38,326 payment received', '', '0000-00-00', '0000-00-00', '26514', '2022-06-15', 'gov'),
(3767, 1, 43542, 'SVVU', 'web', 'Medium', '66', 'The Registrar,', 'Sri  Venkateswara Veterinary University,', 'Admin Office,', 'Dr. Y.S.R. Bhavan.Tirupati ? 517 502', '', 'The Registrar,', '2022-04-27', '2022-04-26', 18, 9558, 53100, 'Approved', 'Paid', 53100, '2023-02-20 07:27:28', '53,100 payment received', '', '0000-00-00', '0000-00-00', '26511', '2022-06-09', 'gov'),
(3768, 1, 31970, 'BPS', 'web', 'Simple', '67', 'The Director,', ' Building penalization Scheme (BPS),', 'Town And Country Planning,MGM Capital,', ' Ground Floor,Beside little Village Restaurant,', 'Chinakakani, Mangalagiri, A.P GUNTUR-522508.', 'The Director,', '2022-07-19', '2022-04-27', 18, 7017.84, 38988, 'Approved', 'Paid', 38988, '2023-02-20 07:27:28', '38,988 payment received', '', '0000-00-00', '0000-00-00', '26541', '2022-10-19', 'gov'),
(3769, 1, 31970, 'SAPNET', 'web', 'Simple', '68', 'The Chief Executive Officer,', 'Society for Andhra Pradesh Network ,', '(SAPNET),D#6-178, 2nd Floor,', ' Eco Ritz Building,BMPS Road, ', 'Prasadampadu, Vijayawada-521108', 'The Chief Executive Officer,', '2022-04-29', '2022-04-29', 18, 7017.84, 38988, 'Approved', 'Unpaid', 0, '2023-02-20 07:27:28', '', '', '0000-00-00', '0000-00-00', '', '0000-00-00', 'gov'),
(3770, 1, 31969, 'Nagarjuna University application', 'web', 'Simple', '69', 'The Vice Chancellor,', ' Acharya Nagarajuna University,', ' Nagarajuna Nagar,', ' Guntur, Andhra Pradesh-522510', '', 'The Vice Chancellor,', '2022-05-06', '2022-05-05', 18, 7017.66, 38987, 'Approved', 'Paid', 38987, '2023-02-20 07:27:28', '38987 payment received', '', '0000-00-00', '0000-00-00', '26528', '2022-08-12', 'gov'),
(3771, 1, 71247, 'APDDCF', 'web', 'Medium', '70', 'The Managing Director (APDDCF), ', 'Andhra Pradesh Diary Development Cooperative Federation Limited,', 'APIIC Towers IT Park, ', 'Mangalagiri, Guntur-522503', '', 'The Managing Director (APDDCF), ', '2022-05-06', '2022-05-05', 18, 15639.48, 86886, 'Approved', 'Unpaid', 0, '2023-02-20 07:27:28', '', '', '0000-00-00', '0000-00-00', '', '0000-00-00', 'gov'),
(3772, 1, 71246, 'YSR Pensions', 'web', 'Medium', '37', 'The Chief Executive Officer,', ' Society for Elimination of Rural Poverty (SERP),', '2nd floor Dr.NTR Administrative Block,', 'Pandit Nehru RTC Bus Complex,', 'Vijayawada- 520001', 'The Chief Executive Officer,', '2022-05-10', '2022-05-07', 18, 15639.3, 86885, 'Approved', 'Unpaid', 0, '2023-02-20 07:27:28', '', '', '0000-00-00', '0000-00-00', '', '0000-00-00', 'gov'),
(3773, 1, 71246, 'SADARAM', 'web', 'Medium', '37', 'The Chief Executive Officer,', ' Society for Elimination of Rural Poverty (SERP),', '2nd floor Dr.NTR Administrative Block,', 'Pandit Nehru RTC Bus Complex,', 'Vijayawada- 520001', 'The Chief Executive Officer,', '2022-05-10', '2022-05-07', 18, 15639.3, 86885, 'Approved', 'Unpaid', 0, '2023-02-20 07:27:28', '', '', '0000-00-00', '0000-00-00', '', '0000-00-00', 'gov'),
(3774, 1, 142491, 'APSGWD and APWRIMS', 'web', 'Medium', '71', 'The Director,Ground Water and Water Audit Department,', 'Vysya Bhavan, Namboorivari Veedhi,', 'Hanumanpet, Near Railway Station,', 'Beside Government Hospital Hospital,', 'Vijayawada-52O003', 'The Director,Ground Water and Water Audit Department,', '2022-05-10', '2022-05-09', 18, 31278.6, 173770, 'Approved', 'Paid', 156098, '2023-02-20 07:27:28', '1,73,770 received, ITTDS-17,762', '', '0000-00-00', '0000-00-00', '26562', '2023-01-31', 'gov'),
(3775, 1, 71246, 'APSBCL', 'web', 'Medium', '72', 'The Commissioner, ', 'Andhra Pradesh State Beverages Corportaion Limited,(APSBCL), ', '88-2b, Sai Vihar Apartment, ', 'Poultry,Form Road,Prasadampadu, ', 'Vijayawada.', 'The Commissioner, ', '2022-05-10', '2022-05-06', 18, 15639.3, 86885, 'Approved', 'Unpaid', 0, '2023-02-20 07:27:28', '', '', '0000-00-00', '0000-00-00', '', '0000-00-00', 'gov'),
(3776, 1, 71246, 'APDCA', 'web', 'Medium', '73', 'The Director General,', 'Andhra Pradesh Drugs Control Administration,', 'D.No-25-16-116/IB,', 'Behind Gowtham Hero Show Room,', 'Chuttugunta, Guntur.', 'The Director General,', '2022-05-17', '2022-05-17', 18, 15639.3, 86885, 'Approved', 'Unpaid', 0, '2023-02-20 07:27:28', '', '', '0000-00-00', '0000-00-00', '', '0000-00-00', 'gov'),
(3777, 1, 63939, 'Cancer ICRM, Cancer WEB', 'web', 'Simple', '29', 'The Commissioner Mission Director NHM,', 'Health & Family Welfare(CH&FW) Department, ', ' 5th Floor APIIC Building,', 'Mangalagiri Guntur Dt., Andhra Pradesh.', '', 'The Commissioner Mission Director NHM,', '2022-05-17', '2022-05-16', 18, 14035.32, 77974, 'Approved', 'Unpaid', 0, '2023-02-20 07:27:29', '', '', '0000-00-00', '0000-00-00', '', '0000-00-00', 'gov'),
(3778, 1, 49325, 'Rythu Bazar Application', 'mobile', 'Medium', '63', 'Chief Executive Officer, ', 'Rythu Bazar Head office, ', 'spices Board of India,', ' Murkipeta Maharshi Dayanand Nagar, ', 'Guntur-522003, Andhra Pradesh', 'Chief Executive Officer, ', '2022-05-17', '2022-05-16', 18, 10827.36, 60152, 'Approved', 'Unpaid', 0, '2023-02-20 07:27:29', '', '', '0000-00-00', '0000-00-00', '', '0000-00-00', 'gov'),
(3779, 1, 284986, '1)AP Industries Pool,2).Incentives App Pool,3.)Industries Spandana', 'web', 'Medium', '75', 'The Commissionerate (AP Industries),', '1st Floor,', ' Government Regional Printing Press Buildings,', 'Mutyalampadu, Vijayawada-520011.', '', 'The Commissionerate (AP Industries),', '2022-05-20', '2022-05-17', 18, 62557.92, 347544, 'Approved', 'Paid', 0, '2023-02-20 07:27:29', 'APTS cfms id no.2022--2221542,,302185 net amount', '', '0000-00-00', '0000-00-00', '', '0000-00-00', 'gov'),
(3780, 1, 137012, 'AUAKA Process Audit', 'web', 'Medium', '42', 'The Managing Director,', 'AP Technology Services Ltd (APTSL),', '3rd floor R&B Building, ', 'Opp. Indira Gandhi Municipal Stadium Bandar Road, ', 'Vijayawada-520010', 'The Managing Director,', '2022-02-25', '2022-02-25', 18, 30075.84, 167088, 'Approved', 'Unpaid', 0, '2023-02-20 07:27:29', '', '', '0000-00-00', '0000-00-00', '', '0000-00-00', 'gov'),
(3781, 1, 31970, 'APMSMEDC web', 'web', 'Simple', '76', 'The Chief Executive Officer ,', 'Andhra Pradesh MSME Development Corporation(APMSMEDC),', '1st Floor Government Printing Press Building,', 'Mutyalampadu, ', 'Vijayawada-520011.', 'The Chief Executive Officer ,', '2022-05-24', '2022-05-23', 18, 7017.84, 38988, 'Approved', 'Paid', 38988, '2023-02-20 07:27:29', '38,988 payment received', '', '0000-00-00', '0000-00-00', '26507', '2022-05-27', 'gov'),
(3782, 1, 71247, 'APSBCL', 'web', 'Medium', '72', 'The Commissioner, ', 'Andhra Pradesh State Beverages Corportaion Limited,(APSBCL), ', '88-2b, Sai Vihar Apartment, ', 'Poultry,Form Road,Prasadampadu, ', 'Vijayawada.', 'The Commissioner, ', '2022-05-25', '2022-05-23', 18, 15639.48, 86886, 'Approved', 'Unpaid', 0, '2023-02-20 07:27:29', '', '', '0000-00-00', '0000-00-00', '', '0000-00-00', 'gov'),
(3783, 1, 71247, 'Mepma web', 'web', 'Medium', '77', 'The Managing Director,', 'Mission For Elimination Of Poverty In Municipal Areas (MEPMA),', '2nd Floor, Sahasra Building Block-2,', 'Hosanna Mandir, Amaravathi Road,', 'Gorantla, Guntur-522034', 'The Managing Director,', '2022-05-30', '2022-05-27', 18, 15639.48, 86886, 'Approved', 'Paid', 79522, '2023-02-20 07:27:29', '86,886 received , net amount-79522, ITTDS-7364', '', '0000-00-00', '0000-00-00', '26561', '2023-01-31', 'gov'),
(3784, 1, 71247, 'GiriBhumi web', 'web', 'Medium', '78', 'The Director (Tribal Welfare Dept),', 'D.No.40-3/1-46-4A,', ' Ward No.13,Koneru Lakshmaiah Street,', 'Moghalrajpuram, ', 'Vijayawada-520010, A.P', 'The Director (Tribal Welfare Dept),', '2022-05-30', '2022-05-26', 18, 15639.48, 86886, 'Approved', 'Unpaid', 0, '2023-02-20 07:27:29', '', '', '0000-00-00', '0000-00-00', '', '0000-00-00', 'gov'),
(3785, 1, 71247, 'SMU web', 'web', 'Medium', '50', 'The Chief Executive officer ,', '(Andhra Pradesh Centre for Financial Systems and Services (APCFSS) (APCFSS),', '6th Floor C-Block Anjaneya Towers 24-125,', 'Vijayawada - Mylavaram Rd Bhimaraju Gutta,', 'Ibrahimpatnam Andhra Pradesh 521456.', 'The Chief Executive officer ,', '2022-06-01', '2022-05-31', 18, 15639.48, 86886, 'Approved', 'Unpaid', 0, '2023-02-20 07:27:29', '', '', '0000-00-00', '0000-00-00', '', '0000-00-00', 'gov'),
(3786, 1, 141673, '1).APVAT Portal,2).VATIS Applications', 'web', 'Medium', '80', 'The Chief Commissioner (APCTD),', 'Andhra Pradesh Commercial taxes Department,', 'Dr.No.5-59, R. K. Spring Valley Apartments,', 'Bandar Road, Eedupugallu Village,', 'Kankipadu Mandal, Vijayawada-521151, A.P', 'The Chief Commissioner (APCTD),', '2022-06-01', '2022-05-31', 18, 31098.96, 172772, 'Approved', 'Unpaid', 0, '2023-02-20 07:27:29', '', '', '0000-00-00', '0000-00-00', '', '0000-00-00', 'gov'),
(3787, 1, 31970, 'APCARL Application', 'web', 'Simple', '38', 'The Chief Executive Officer,', ' Real Time Governance Society (RTGS),', ' Block-1,', ' AP Secretariat, ', 'Velagapudi Amaravati', 'The Chief Executive Officer,', '2022-06-06', '2022-06-03', 18, 7017.84, 38988, 'Approved', 'Unpaid', 0, '2023-02-20 07:27:30', '', '', '0000-00-00', '0000-00-00', '', '0000-00-00', 'gov'),
(3788, 1, 31970, 'Police District Portal', 'web', 'Simple', '81', 'The Superintendent of police,', 'District Police Office, ', 'Near BSNL office, Ananthapuram.', '', '', 'The Superintendent of police,', '2022-06-09', '2022-06-04', 18, 7017.84, 38988, 'Approved', 'Paid', 38988, '2023-02-20 07:27:30', '38,988 payment received', '', '0000-00-00', '0000-00-00', '26540', '2022-10-18', 'gov'),
(3789, 1, 31970, 'Police District Portal', 'mobile', 'Simple', '81', 'The Superintendent of police,', 'District Police Office, ', 'Near BSNL office, Ananthapuram.', '', '', 'The Superintendent of police,', '2022-06-09', '2022-06-04', 18, 7017.84, 38988, 'Approved', 'Paid', 0, '2023-02-20 07:27:30', 'pending at accounts 38988 rcvd frm the dept', '', '0000-00-00', '0000-00-00', '', '0000-00-00', 'gov'),
(3790, 1, 71247, 'APHRDI portal ', 'web', 'Medium', '82', 'The Director General, ', 'Andhra Pradesh Human Resource Development Institute(APHRDI),', 'Karlapalem Road,Teacher colony 1st line opposite road,', 'Bapatla Town- 522 101,Bapatla Mandal,', 'Guntur District, A.P.', 'The Director General, ', '2022-06-13', '2022-06-13', 18, 15639.48, 86886, 'Approved', 'Unpaid', 0, '2023-02-20 07:27:30', '', '', '0000-00-00', '0000-00-00', '', '0000-00-00', 'gov'),
(3791, 1, 56849, 'Fever Survey mobile', 'mobile', 'Medium', '29', 'The Commissioner Mission Director NHM,', 'Health & Family Welfare(CH&FW) Department, ', ' 5th Floor APIIC Building,', 'Mangalagiri Guntur Dt., Andhra Pradesh.', '', 'The Commissioner Mission Director NHM,', '2022-06-13', '2022-06-08', 18, 12479.04, 69328, 'Approved', 'Unpaid', 0, '2023-02-20 07:27:30', '', '', '0000-00-00', '0000-00-00', '', '0000-00-00', 'gov'),
(3792, 1, 71247, 'eFarmarket', 'web', 'Medium', '63', 'Chief Executive Officer, ', 'Rythu Bazar Head office, ', 'spices Board of India,', ' Murkipeta Maharshi Dayanand Nagar, ', 'Guntur-522003, Andhra Pradesh', 'Chief Executive Officer, ', '2022-06-13', '2022-06-10', 18, 15639.48, 86886, 'Approved', 'Unpaid', 0, '2023-02-20 07:27:30', '', '', '0000-00-00', '0000-00-00', '', '0000-00-00', 'gov'),
(3793, 1, 223788, '1.Govt. Priority Works,2.C F P Activities,3.IT Infrastructure,4.Inter Mandal Works Verification,5.JQCO Survey,6.Plantation Survival Verification,7.Field Activity Capture', 'mobile ', 'Simple', '41', 'The Commissioner,', ' Panchayati Raj &Rural Development,', ' D.No:12-47 PVS Icon Building Pathuru Cross Road, ', '4/7 Inner Ring road Gorantla,', ' Tadepalli Vijayawada-522501', 'The Commissioner,', '2022-06-14', '2022-06-04', 18, 49124.16, 272912, 'Approved', 'Unpaid', 0, '2023-02-20 07:27:30', '', '', '0000-00-00', '0000-00-00', '', '0000-00-00', 'gov'),
(3794, 1, 31970, 'Judicial website', 'web', 'Simple', '83', 'The Hon?ble Judge, ', 'Camp Office,Govt.Guest House (R&B inspection Bungalow),', 'Collector?s Bungalow Road,', 'Nagarampalem,', ' Guntur, A.p-522004', 'The Hon?ble Judge, ', '2022-06-22', '2022-06-21', 18, 7017.84, 38988, 'Approved', 'Unpaid', 0, '2023-02-20 07:27:30', '', '', '0000-00-00', '0000-00-00', '', '0000-00-00', 'gov'),
(3795, 1, 31970, 'APMARKFED mobile', 'mobile', 'Simple', '84', 'The Managing Director,', ' Andhra Pradesh State Co-operative Marketing Federation Ltd,(APMARKFED),', '#56-2-11 4th & 5th Floor APMARKFEDBuilding,', ' APIIC Colony Jawahar Auto Nagar,', 'Vijayawada ? 520007.', 'The Managing Director,', '2022-06-22', '2022-06-16', 18, 7017.84, 38988, 'Approved', 'Paid', 38728, '2023-02-20 07:27:30', '1,64,766 payment received', '', '0000-00-00', '0000-00-00', '26537', '2022-10-04', 'gov'),
(3796, 1, 142493, '1.Bima application,2.FPO Application', 'web', 'medium', '37', 'The Chief Executive Officer,', ' Society for Elimination of Rural Poverty (SERP),', '2nd floor Dr.NTR Administrative Block,', 'Pandit Nehru RTC Bus Complex,', 'Vijayawada- 520001', 'The Chief Executive Officer,', '2022-06-22', '2022-06-21', 18, 31278.96, 173772, 'Approved', 'Unpaid', 0, '2023-02-20 07:27:30', '', '2848504', '0000-00-00', '0000-00-00', '', '0000-00-00', 'gov'),
(3797, 1, 49325, 'YSR Cheyutha mobile', 'mobile', 'Medium', '37', 'The Chief Executive Officer,', ' Society for Elimination of Rural Poverty (SERP),', '2nd floor Dr.NTR Administrative Block,', 'Pandit Nehru RTC Bus Complex,', 'Vijayawada- 520001', 'The Chief Executive Officer,', '2022-06-27', '2022-06-22', 18, 10827.36, 60152, 'Approved', 'Unpaid', 0, '2023-02-20 07:27:30', '', '', '0000-00-00', '0000-00-00', '', '0000-00-00', 'gov'),
(3798, 1, 71247, 'Streenidhi', 'web', 'Medium', '37', 'The Chief Executive Officer,', ' Society for Elimination of Rural Poverty (SERP),', '2nd floor Dr.NTR Administrative Block,', 'Pandit Nehru RTC Bus Complex,', 'Vijayawada- 520001', 'The Chief Executive Officer,', '2022-06-28', '2022-06-24', 18, 15639.48, 86886, 'Approved', 'Unpaid', 0, '2023-02-20 07:27:30', '', '', '0000-00-00', '0000-00-00', '', '0000-00-00', 'gov'),
(3799, 1, 49325, 'FPO mobile', 'mobile', 'Medium', '37', 'The Chief Executive Officer,', ' Society for Elimination of Rural Poverty (SERP),', '2nd floor Dr.NTR Administrative Block,', 'Pandit Nehru RTC Bus Complex,', 'Vijayawada- 520001', 'The Chief Executive Officer,', '2022-06-27', '2022-06-22', 18, 10827.36, 60152, 'Approved', 'Unpaid', 0, '2023-02-20 07:27:30', '', '', '0000-00-00', '0000-00-00', '', '0000-00-00', 'gov'),
(3800, 1, 31970, 'IWMP web', 'web', 'Simple', '41', 'The Commissioner,', ' Panchayati Raj &Rural Development,', ' D.No:12-47 PVS Icon Building Pathuru Cross Road, ', '4/7 Inner Ring road Gorantla,', ' Tadepalli Vijayawada-522501', 'The Commissioner,', '2022-06-28', '2022-06-27', 18, 7017.84, 38988, 'Approved', 'Unpaid', 0, '2023-02-20 07:27:30', '', '', '0000-00-00', '0000-00-00', '', '0000-00-00', 'gov'),
(3801, 1, 71247, 'eMMS web', 'web', 'Medium', '41', 'The Commissioner,', ' Panchayati Raj &Rural Development,', ' D.No:12-47 PVS Icon Building Pathuru Cross Road, ', '4/7 Inner Ring road Gorantla,', ' Tadepalli Vijayawada-522501', 'The Commissioner,', '2022-06-28', '2022-06-27', 18, 15639.48, 86886, 'Approved', 'Unpaid', 0, '2023-02-20 07:27:30', '', '', '0000-00-00', '0000-00-00', '', '0000-00-00', 'gov'),
(3802, 1, 49325, 'Cmapp-CPA mobile', 'mobile', 'Medium', '85', 'The Commissioner & Director (Agricultural Marketing),', 'Chuttugunta, Guntur,', 'Andhra Pradesh-522003', '', '', 'The Commissioner & Director (Agricultural Marketing),', '2022-07-20', '2022-07-06', 18, 10827.36, 60152, 'Approved', 'Paid', 49652, '2023-02-20 07:27:30', '1,64,766 payment received', '', '0000-00-00', '0000-00-00', '26537', '2022-10-04', 'gov'),
(3803, 1, 71247, 'Housing Portal', 'web', 'Medium', '86', 'The Managing Director, ', 'AP State Housing Corporation Ltd, ', 'Plot No.11&12 Behind BSNL Telephone Exchange, ', 'Autonagar, Vijayawada-520007', '', 'The Managing Director, ', '2022-07-08', '2022-07-04', 18, 15639.48, 86886, 'Approved', 'Unpaid', 0, '2023-02-20 07:27:30', '', '', '0000-00-00', '0000-00-00', '', '0000-00-00', 'gov'),
(3804, 1, 31970, 'JNTUA results portal', 'web', 'Simple', '87', 'The Registrar, ', 'JNT University Anantapur, ', 'Anantapuram-515002, ', 'Andhra Pradesh.', '', 'The Registrar, ', '2022-07-08', '2022-07-07', 18, 7017.84, 38988, 'Approved', 'Unpaid', 0, '2023-02-20 07:27:30', '', '', '0000-00-00', '0000-00-00', '', '0000-00-00', 'gov'),
(3805, 1, 31970, 'APCRDA application', 'web', 'Simple', '41', 'The Commissioner,', ' Panchayati Raj &Rural Development,', ' D.No:12-47 PVS Icon Building Pathuru Cross Road, ', '4/7 Inner Ring road Gorantla,', ' Tadepalli Vijayawada-522501', 'The Commissioner,', '2022-07-14', '2022-07-11', 18, 7017.84, 38988, 'Approved', 'Unpaid', 0, '2023-02-20 07:27:31', '', '', '0000-00-00', '0000-00-00', '', '0000-00-00', 'gov'),
(3806, 1, 71247, 'DPRAP web', 'web', 'Medium', '41', 'The Commissioner,', ' Panchayati Raj &Rural Development,', ' D.No:12-47 PVS Icon Building Pathuru Cross Road, ', '4/7 Inner Ring road Gorantla,', ' Tadepalli Vijayawada-522501', 'The Commissioner,', '2022-07-14', '2022-07-08', 18, 15639.48, 86886, 'Approved', 'Unpaid', 0, '2023-02-20 07:27:31', '', '', '0000-00-00', '0000-00-00', '', '0000-00-00', 'gov'),
(3807, 1, 31970, 'MGNREGS web', 'web', 'Simple', '41', 'The Commissioner,', ' Panchayati Raj &Rural Development,', ' D.No:12-47 PVS Icon Building Pathuru Cross Road, ', '4/7 Inner Ring road Gorantla,', ' Tadepalli Vijayawada-522501', 'The Commissioner,', '2022-07-14', '2022-07-12', 18, 7017.84, 38988, 'Approved', 'Unpaid', 0, '2023-02-20 07:27:31', '', '', '0000-00-00', '0000-00-00', '', '0000-00-00', 'gov'),
(3808, 1, 71247, 'MCC application', 'web', 'Medium', '41', 'The Commissioner,', ' Panchayati Raj &Rural Development,', ' D.No:12-47 PVS Icon Building Pathuru Cross Road, ', '4/7 Inner Ring road Gorantla,', ' Tadepalli Vijayawada-522501', 'The Commissioner,', '2022-07-14', '2022-07-11', 18, 15639.48, 86886, 'Approved', 'Unpaid', 0, '2023-02-20 07:27:31', '', '', '0000-00-00', '0000-00-00', '', '0000-00-00', 'gov'),
(3809, 1, 479543, 'emms-15 mobiles', 'mobile', 'Simple', '41', 'The Commissioner,', ' Panchayati Raj &Rural Development,', ' D.No:12-47 PVS Icon Building Pathuru Cross Road, ', '4/7 Inner Ring road Gorantla,', ' Tadepalli Vijayawada-522501', 'The Commissioner,', '2022-07-14', '2022-06-04', 18, 105265.44, 584808, 'Approved', 'Unpaid', 0, '2023-02-20 07:27:31', '', '', '0000-00-00', '0000-00-00', '', '0000-00-00', 'gov'),
(3810, 1, 135187, '1.APCTD portal,2.APTIS Application,3.Professional Tax application', 'web', 'Medium&Simple', '80', 'The Chief Commissioner (APCTD),', 'Andhra Pradesh Commercial taxes Department,', 'Dr.No.5-59, R. K. Spring Valley Apartments,', 'Bandar Road, Eedupugallu Village,', 'Kankipadu Mandal, Vijayawada-521151, A.P', 'The Chief Commissioner (APCTD),', '2022-07-14', '2022-07-05', 18, 29675.16, 164862, 'Approved', 'Unpaid', 0, '2023-02-20 07:27:31', '', '', '0000-00-00', '0000-00-00', '', '0000-00-00', 'gov'),
(3811, 1, 71247, 'Cmapp-CPA web', 'web', 'Medium', '85', 'The Commissioner & Director (Agricultural Marketing),', 'Chuttugunta, Guntur,', 'Andhra Pradesh-522003', '', '', 'The Commissioner & Director (Agricultural Marketing),', '2022-07-20', '2022-07-06', 18, 15639.48, 86886, 'Approved', 'Paid', 76386, '2023-02-20 07:27:31', '1,64,766 payment received', '', '0000-00-00', '0000-00-00', '26537', '2022-10-04', 'gov'),
(3812, 1, 71247, 'APSBB', 'web', 'Medium', '88', 'The Principal Chief Conservator ,AP State Biodiversity Board(APSBB),', 'Flat no.210,311Walnut Block,', 'Raintree Park, Nambur,', 'Opp:Nagarjuna University, NH-5, GNT,A.P-522510', '', 'The Principal Chief Conservator ,AP State Biodiversity Board(APSBB),', '2022-07-14', '2022-07-06', 18, 15639.48, 86886, 'Approved', 'Unpaid', 0, '2023-02-20 07:27:31', '', '', '0000-00-00', '0000-00-00', '', '0000-00-00', 'gov'),
(3813, 1, 31970, 'Elections web', 'web', 'Simple', '89', 'The Chief Electoral Officer,', 'Election Commission,', 'Room No.192, Ground Floor Building No.5, ', 'A.P.Secretariat Velagapudi, Amaravati-522238', '', 'The Chief Electoral Officer,', '2022-07-18', '2022-06-21', 18, 7017.84, 38988, 'Approved', 'Unpaid', 0, '2023-02-20 07:27:31', '', '', '0000-00-00', '0000-00-00', '', '0000-00-00', 'gov'),
(3814, 1, 31970, 'AP Police Seva web', 'web', 'Simple', '48', 'The Director General of Police,', 'Andhra Pradesh Police Department,', 'Crime and Criminal Tracking Network & Systems (CCTNS), ', ' AP State Police Tech Towers, ', 'Mangalagiri Guntur District - 522502', 'The Director General of Police,', '2022-07-18', '2022-07-01', 18, 7017.84, 38988, 'Approved', 'Unpaid', 0, '2023-02-20 07:27:31', '', '', '0000-00-00', '0000-00-00', '', '0000-00-00', 'gov'),
(3815, 1, 31970, 'AP Police Seva mobile', 'mobile', 'Simple', '48', 'The Director General of Police,', 'Andhra Pradesh Police Department,', 'Crime and Criminal Tracking Network & Systems (CCTNS), ', ' AP State Police Tech Towers, ', 'Mangalagiri Guntur District - 522502', 'The Director General of Police,', '2022-07-18', '2022-07-01', 18, 7017.84, 38988, 'Approved', 'Unpaid', 0, '2023-02-20 07:27:31', '', '', '0000-00-00', '0000-00-00', '', '0000-00-00', 'gov'),
(3816, 1, 49325, 'School Education mobile', 'mobile', 'Medium', '90', 'The Commissioner of School Education,', '4th Floor, B block, VTPS Rd, ', 'Bhimaraju Gutta, ', 'Ibrahimpatnam, A.P 521456.', '', 'The Commissioner of School Education,', '2022-07-19', '2022-07-11', 18, 10827.36, 60152, 'Approved', 'Unpaid', 0, '2023-02-20 07:27:31', '94140 released frm the dept, pending from the account section', '', '0000-00-00', '0000-00-00', '', '0000-00-00', 'gov'),
(3817, 1, 31970, 'DSC web', 'web', 'Simple', '90', 'The Commissioner of School Education,', '4th Floor, B block, VTPS Rd, ', 'Bhimaraju Gutta, ', 'Ibrahimpatnam, A.P 521456.', '', 'The Commissioner of School Education,', '2022-07-19', '2022-07-11', 18, 7017.84, 38988, 'Approved', 'Unpaid', 0, '2023-02-20 07:27:31', '', '', '0000-00-00', '0000-00-00', '', '0000-00-00', 'gov'),
(3818, 1, 31970, 'SHG Bookkeeping application', 'web', 'Simple', '37', 'The Chief Executive Officer,', ' Society for Elimination of Rural Poverty (SERP),', '2nd floor Dr.NTR Administrative Block,', 'Pandit Nehru RTC Bus Complex,', 'Vijayawada- 520001', 'The Chief Executive Officer,', '2022-07-28', '2022-07-27', 18, 7017.84, 38988, 'Approved', 'Unpaid', 0, '2023-02-20 07:27:31', '', '', '0000-00-00', '0000-00-00', '', '0000-00-00', 'gov'),
(3819, 1, 137012, 'APSHCL  application', 'web', 'Complex', '86', 'The Managing Director, ', 'AP State Housing Corporation Ltd, ', 'Plot No.11&12 Behind BSNL Telephone Exchange, ', 'Autonagar, Vijayawada-520007', '', 'The Managing Director, ', '2022-07-29', '2022-07-28', 18, 30075.84, 167088, 'Approved', 'Unpaid', 0, '2023-02-20 07:27:31', '', '', '0000-00-00', '0000-00-00', '', '0000-00-00', 'gov'),
(3820, 1, 137012, 'Cmapp new application', 'web', 'Complex', '84', 'The Managing Director,', ' Andhra Pradesh State Co-operative Marketing Federation Ltd,(APMARKFED),', '#56-2-11 4th & 5th Floor APMARKFEDBuilding,', ' APIIC Colony Jawahar Auto Nagar,', 'Vijayawada ? 520007.', 'The Managing Director,', '2022-07-29', '2022-07-26', 18, 30075.84, 167088, 'Approved', 'Paid', 154088, '2023-02-20 07:27:32', '2,04,131.00 payment received', '', '0000-00-00', '0000-00-00', '26538', '2022-10-04', 'gov'),
(3821, 1, 31970, 'APDC(ap sub domain)', 'web', 'Simple', '38', 'The Chief Executive Officer,', ' Real Time Governance Society (RTGS),', ' Block-1,', ' AP Secretariat, ', 'Velagapudi Amaravati', 'The Chief Executive Officer,', '2022-08-01', '2022-07-29', 18, 7017.84, 38988, 'Approved', 'Unpaid', 0, '2023-02-20 07:27:32', '', '', '0000-00-00', '0000-00-00', '', '0000-00-00', 'gov'),
(3822, 1, 41800, 'Cmapp new mobile', 'mobile', 'Medium', '84', 'The Managing Director,', ' Andhra Pradesh State Co-operative Marketing Federation Ltd,(APMARKFED),', '#56-2-11 4th & 5th Floor APMARKFEDBuilding,', ' APIIC Colony Jawahar Auto Nagar,', 'Vijayawada ? 520007.', 'The Managing Director,', '2022-09-01', '2022-08-04', 18, 9175.68, 50976, 'Approved', 'Paid', 50043, '2023-02-20 07:27:32', '2,04,131.00 payment received', '', '0000-00-00', '0000-00-00', '26538', '2022-10-04', 'gov'),
(3823, 1, 41800, 'APCTD mobile', 'mobile', 'Medium', '80', 'The Chief Commissioner (APCTD),', 'Andhra Pradesh Commercial taxes Department,', 'Dr.No.5-59, R. K. Spring Valley Apartments,', 'Bandar Road, Eedupugallu Village,', 'Kankipadu Mandal, Vijayawada-521151, A.P', 'The Chief Commissioner (APCTD),', '2022-08-11', '2022-07-19', 18, 9175.68, 50976, 'Approved', 'Unpaid', 0, '2023-02-20 07:27:32', '', '', '0000-00-00', '0000-00-00', '', '0000-00-00', 'gov'),
(3824, 1, 41800, 'Clap User free Application', 'mobile', 'Medium', '32', 'The Commissioner & Director of Municipal Administration, ', 'Municipal Administration Department,', ' Prime Hill Crest 4th Floor Near DGP Office, ', 'Beside Ultratech ReadyMix Plant Vaddeswaram Village,', ' Mangalagiri-522502', 'The Commissioner & Director of Municipal Administration, ', '2022-08-12', '2022-08-03', 18, 9175.68, 50976, 'Approved', 'Unpaid', 0, '2023-02-20 07:27:32', '', '', '0000-00-00', '0000-00-00', '', '0000-00-00', 'gov'),
(3825, 1, 60378, 'PRIS-MUDA web', 'web', 'Medium', '91', 'The Vice Chairman (MUDA), ', 'Machilipatnam Urban Development Authority, ', 'Railway Station, 19, Ramalayam Road Sarkar Thota,', 'near Chilakalapudi, Chilakalapudi, ', 'Machilipatnam, Andhra Pradesh 521002', 'The Vice Chairman (MUDA), ', '2022-08-18', '2022-08-17', 18, 13253.76, 73632, 'Approved', 'Paid', 65165, '2023-02-20 07:27:32', '65165 payment received', '', '0000-00-00', '0000-00-00', '26532', '2022-09-07', 'gov'),
(3826, 1, 27093, 'Ap state portal', 'web', 'Simple', '92', 'The Principal Secretary (ITE&C), ', 'IT Electronics & Communications Department, ', '4th Block Room No.208 First Floor,', 'AP Secretariat, Velagapudi Amaravati', '', 'The Principal Secretary (ITE&C), ', '2022-09-01', '2022-08-18', 18, 5947.2, 33040, 'Approved', 'Unpaid', 0, '2023-02-20 07:27:32', 'amount tranfrd by ITE&C bulk amount, and amount in process in CFMS-2022-2409788', '', '0000-00-00', '0000-00-00', '', '0000-00-00', 'gov'),
(3827, 1, 60378, 'Mobile bookkeeping', 'web', 'Medium', '37', 'The Chief Executive Officer,', ' Society for Elimination of Rural Poverty (SERP),', '2nd floor Dr.NTR Administrative Block,', 'Pandit Nehru RTC Bus Complex,', 'Vijayawada- 520001', 'The Chief Executive Officer,', '2022-08-22', '2022-08-17', 18, 13253.76, 73632, 'Approved', 'Unpaid', 0, '2023-02-20 07:27:32', '', '', '0000-00-00', '0000-00-00', '', '0000-00-00', 'gov'),
(3828, 1, 54186, '1.Vaahana bhima mitra,2.APSDRI web', 'web', 'Simple', '93', 'The Special Commissioner (APSDRI)', 'AP State Directorate of Revenue Intelligence,', 'Dr.No:59-3-8/2, Musunuri Narayan Street,', 'Ashok Nagar, Mogalrajpuram, Vijayawada,', '', 'The Special Commissioner (APSDRI)', '2022-08-24', '2022-08-17', 18, 11894.4, 66080, 'Approved', 'Unpaid', 0, '2023-02-20 07:27:32', 'CFMS no:2022-1445140, pending status', '', '0000-00-00', '0000-00-00', '', '0000-00-00', 'gov');
INSERT INTO `transaction_log` (`sl`, `qty`, `total`, `app_name`, `app_type`, `category`, `customer`, `address`, `address2`, `address3`, `address4`, `address5`, `subject_address`, `invoice_date`, `mail_received_date`, `sales_tax`, `sales_tax_amount`, `gross_amount`, `transaction_status`, `payment_status`, `received_amount`, `raised_at`, `remarks`, `cfms_id`, `certificate_issued_date`, `certificate_expiry_date`, `apts_receipt_no`, `apts_receipt_date`, `gov`) VALUES
(3829, 1, 60378, 'Bank Linkage Application', 'web', 'Medium', '37', 'The Chief Executive Officer,', ' Society for Elimination of Rural Poverty (SERP),', '2nd floor Dr.NTR Administrative Block,', 'Pandit Nehru RTC Bus Complex,', 'Vijayawada- 520001', 'The Chief Executive Officer,', '2022-08-24', '2022-08-17', 18, 13253.76, 73632, 'Approved', 'Unpaid', 0, '2023-02-20 07:27:32', '', '', '0000-00-00', '0000-00-00', '', '0000-00-00', 'gov'),
(3830, 1, 60378, 'CMAID web', 'web', 'Medium', '84', 'The Managing Director,', ' Andhra Pradesh State Co-operative Marketing Federation Ltd,(APMARKFED),', '#56-2-11 4th & 5th Floor APMARKFEDBuilding,', ' APIIC Colony Jawahar Auto Nagar,', 'Vijayawada ? 520007.', 'The Managing Director,', '2022-08-24', '2022-08-22', 18, 13253.76, 73632, 'Approved', 'Unpaid', 0, '2023-02-20 07:27:32', '', '', '0000-00-00', '0000-00-00', '', '0000-00-00', 'gov'),
(3831, 1, 60378, 'QC application', 'web', 'Medium', '41', 'The Commissioner,', ' Panchayati Raj &Rural Development,', ' D.No:12-47 PVS Icon Building Pathuru Cross Road, ', '4/7 Inner Ring road Gorantla,', ' Tadepalli Vijayawada-522501', 'The Commissioner,', '2022-08-24', '2022-08-18', 18, 13253.76, 73632, 'Approved', 'Unpaid', 0, '2023-02-20 07:27:32', '', '', '0000-00-00', '0000-00-00', '', '0000-00-00', 'gov'),
(3832, 1, 102179, '1.FRS Attendance web,2.FRS Attendance mobile', 'web & mobile', 'Medium', '50', 'The Chief Executive officer ,', '(Andhra Pradesh Centre for Financial Systems and Services (APCFSS) (APCFSS),', '6th Floor C-Block Anjaneya Towers 24-125,', 'Vijayawada - Mylavaram Rd Bhimaraju Gutta,', 'Ibrahimpatnam Andhra Pradesh 521456.', 'The Chief Executive officer ,', '2022-09-06', '2022-08-30', 18, 22429.44, 124608, 'Approved', 'Unpaid', 0, '2023-02-20 07:27:32', '', '', '0000-00-00', '0000-00-00', '', '0000-00-00', 'gov'),
(3833, 1, 27093, 'R&R web', 'web', 'Simple', '31', 'The Engineer-In-Chief,', ' Water Resources Department,', ' #48-10/9-1N.H.Feeder Road, ', 'Near Ramavarappadu Circle,', ' Currency Nagar Vijayawada', 'The Engineer-In-Chief,', '2022-09-06', '2022-09-02', 18, 5947.2, 33040, 'Approved', 'Paid', 33040, '2023-02-20 07:27:32', '33,040 payment received ', '', '0000-00-00', '0000-00-00', '26522', '2022-12-20', 'gov'),
(3834, 1, 27093, 'APIS Fintech application', 'web', 'Simple', '94', 'The CEO, (APIS),', 'Andhra Pradesh Innovation Society,', 'Info Sight 2nd Floor,', 'Survey No.78/2, Junction Tadepalli,', 'Prathuru, A.P-522501.', 'The CEO, (APIS),', '2022-09-06', '2022-09-05', 18, 5947.2, 33040, 'Approved', 'Unpaid', 0, '2023-02-20 07:27:32', '', '', '0000-00-00', '0000-00-00', '', '0000-00-00', 'gov'),
(3835, 1, 27093, 'R&B application', 'web', 'Simple', '95', 'The Engineer-In-Chief (R&B Dept),', 'Room No:501, R&B Office Complex,', 'MG Road, Labbipet, Vijayawada,', 'Krishna District, A.P-520010.', '', 'The Engineer-In-Chief (R&B Dept),', '2022-09-19', '2022-09-16', 18, 5947.2, 33040, 'Approved', 'Paid', 33040, '2023-02-20 07:27:33', 'corpus funds adjustment ', '', '0000-00-00', '0000-00-00', '', '0000-00-00', 'gov'),
(3836, 1, 27093, 'eFarmarket web forms application', 'web', 'Simple', '96', 'The Commissioner & Director (Agricultural Marketing),', 'Chuttugunta, Guntur,', 'Andhra Pradesh-522003.', '', '', 'The Commissioner & Director (Agricultural Marketing),', '2022-09-19', '2022-09-13', 18, 5947.2, 33040, 'Approved', 'Unpaid', 0, '2023-02-20 07:27:33', '', '', '0000-00-00', '0000-00-00', '', '0000-00-00', 'gov'),
(3837, 1, 60378, 'Clap Video Monitoring Application', 'web', 'Medium', '61', 'The Managing Director, ', 'Swaccha Andhra Corporation,', ' H.No.54-16-1/14/D, 3rd Floor, Road. No.2,', 'Central Excise colony, Andhra Loyola College Road', ' , Vijayawada-520008', 'The Managing Director, ', '2022-09-19', '2022-09-14', 18, 13253.76, 73632, 'Approved', 'Unpaid', 0, '2023-02-20 07:27:33', '', '', '0000-00-00', '0000-00-00', '', '0000-00-00', 'gov'),
(3838, 1, 41800, 'APSACS mobile', 'mobile', 'Medium', '97', 'The Project Director, Andhra Pradesh State AIDS Control Society(APSAC), ', '2nd Floor, SP\'s River View Apartment,', 'Beside Manipal Hospital, Tadepalli,', 'Guntur District, Andhra Pradesh, India - 522 501.', 'Phone No: 08645 - 274121.', 'The Project Director, Andhra Pradesh State AIDS Control Society(APSAC), ', '2022-09-20', '2022-09-15', 18, 9175.68, 50976, 'Approved', 'Unpaid', 0, '2023-02-20 07:27:33', '', '', '0000-00-00', '0000-00-00', '', '0000-00-00', 'gov'),
(3839, 1, 27093, 'Safe life application', 'web', 'Simple', '29', 'The Commissioner Mission Director NHM,', 'Health & Family Welfare(CH&FW) Department, ', ' 5th Floor APIIC Building,', 'Mangalagiri Guntur Dt., Andhra Pradesh.', '', 'The Commissioner Mission Director NHM,', '2022-09-23', '2022-09-22', 18, 5947.2, 33040, 'Approved', 'Unpaid', 0, '2023-02-20 07:27:33', '', '', '0000-00-00', '0000-00-00', '', '0000-00-00', 'gov'),
(3840, 1, 54186, 'S.P office web,S.P office mobile', 'web & mobile', 'Simpe', '81', 'The Superintendent of police,', 'District Police Office, ', 'Near BSNL office, Ananthapuram.', '', '', 'The Superintendent of police,', '2022-09-26', '2022-09-26', 18, 11894.4, 66080, 'Approved', 'Unpaid', 0, '2023-02-20 07:27:33', '', '', '0000-00-00', '0000-00-00', '', '0000-00-00', 'gov'),
(3841, 1, 27093, 'APG&BC application', 'web', 'Simpe', '98', 'The Managing Director,Andhra Pradesh Greening and Beautification Corporation (APG&BC)', 'Plot No.30, Road.No.4, ', 'Sector: 4, Lotus landmark, ', 'Ayodhya Nagar, Kedarishwarpet, ', 'Vijayawada', 'The Managing Director,Andhra Pradesh Greening and Beautification Corporation (APG&BC)', '2022-09-29', '2022-09-28', 18, 5947.2, 33040, 'Approved', 'Paid', 33040, '2023-02-20 07:27:33', '33,040 payment received from the department', '', '0000-00-00', '0000-00-00', '26554', '2023-01-02', 'gov'),
(3842, 1, 60378, 'Survey Project Application', 'web', 'Medium', '32', 'The Commissioner & Director of Municipal Administration, ', 'Municipal Administration Department,', ' Prime Hill Crest 4th Floor Near DGP Office, ', 'Beside Ultratech ReadyMix Plant Vaddeswaram Village,', ' Mangalagiri-522502', 'The Commissioner & Director of Municipal Administration, ', '2022-10-10', '2022-10-07', 18, 13253.76, 73632, 'Approved', 'Paid', 66144, '2023-02-20 07:27:33', '73,632 received from the dept, gst tds-1248,ittds-6240, receipt amount-66144', '', '0000-00-00', '0000-00-00', '26545', '2022-10-28', 'gov'),
(3843, 1, 60378, 'PRIS-OUDA application', 'web', 'Medium', '41', 'The Commissioner,', ' Panchayati Raj &Rural Development,', ' D.No:12-47 PVS Icon Building Pathuru Cross Road, ', '4/7 Inner Ring road Gorantla,', ' Tadepalli Vijayawada-522501', 'The Commissioner,', '2022-10-10', '2022-10-04', 18, 13253.76, 73632, 'Approved', 'Unpaid', 0, '2023-02-20 07:27:33', '', '', '0000-00-00', '0000-00-00', '', '0000-00-00', 'gov'),
(3844, 1, 60378, 'PRED-IT Application', 'web', 'Medium', '41', 'The Commissioner,', ' Panchayati Raj &Rural Development,', ' D.No:12-47 PVS Icon Building Pathuru Cross Road, ', '4/7 Inner Ring road Gorantla,', ' Tadepalli Vijayawada-522501', 'The Commissioner,', '2022-10-18', '2022-10-17', 18, 13253.76, 73632, 'Approved', 'Unpaid', 0, '2023-02-20 07:27:33', '', '', '0000-00-00', '0000-00-00', '', '0000-00-00', 'gov'),
(3845, 1, 116112, 'APSCSCL paddy portal &other applications', 'web', 'Medium', '34', 'The Vice Chairman & Managing Director,\n ', 'AP State Civil Supplies Corporation Ltd,', '  IV th & V th Floor Corp.Office H.No.10-152/1', ' Sri Sai Towers Ashok Nagar, Beside Siris Company', ' Kanuru Bandar Road, Vijayawada-520007.', 'The Vice Chairman & Managing Director,\n ', '2022-10-18', '2022-10-17', 18, 25488, 141600, 'Approved', 'Unpaid', 0, '2023-02-20 07:27:33', '', '', '0000-00-00', '0000-00-00', '', '0000-00-00', 'gov'),
(3846, 1, 162557, '1.YSR Jalakala web(24.01.2022), 2. YSR Jalakala web, 3.YSR Jalakala mobile', 'web & mobile', 'Medium', '41', 'The Commissioner,', ' Panchayati Raj &Rural Development,', ' D.No:12-47 PVS Icon Building Pathuru Cross Road, ', '4/7 Inner Ring road Gorantla,', ' Tadepalli Vijayawada-522501', 'The Commissioner,', '2022-12-21', '2022-01-24', 18, 35683.2, 198240, 'Approved', 'Unpaid', 0, '2023-02-20 07:27:33', '', '', '0000-00-00', '0000-00-00', '', '0000-00-00', 'gov'),
(3847, 1, 208228, '1.WCC,2.DWMA,3.IWMP web portal,4.IWMP SLNA', 'web', 'Medium, Simple', '41', 'The Commissioner,', ' Panchayati Raj &Rural Development,', ' D.No:12-47 PVS Icon Building Pathuru Cross Road, ', '4/7 Inner Ring road Gorantla,', ' Tadepalli Vijayawada-522501', 'The Commissioner,', '2022-12-21', '2022-01-24', 18, 45708.48, 253936, 'Approved', 'Unpaid', 0, '2023-02-20 07:27:33', '', '', '0000-00-00', '0000-00-00', '', '0000-00-00', 'gov'),
(3848, 1, 246000, '100 Systems net work I.P\'s', 'network', '', '57', 'The Chief engineer,', ' APSLDC,Andhra Pradesh State Load Despatch Centre', 'Vidyut Soudha,', ' Eluru Rd, Gunadala,', 'Vijayawada, Andhra Pradesh 520004.', 'The Chief engineer,', '2022-10-19', '2022-10-17', 18, 54000, 300000, 'Approved', 'Unpaid', 0, '2023-02-20 07:27:33', 'after payment we will sent invoice copy and tax,pan number', '', '0000-00-00', '0000-00-00', '', '0000-00-00', 'gov'),
(3849, 1, 60378, 'Board of Intermediate website', 'web', 'Medium', '46', 'The Chief Executive Officer, ', 'Board of Intermediate Education,', 'R.No.114/C3  2nd, 3rd & 4th floors', ' Eswar Elite Beside Sonovision Tadepalli,', ' Guntur District Pin: 522501.', 'The Chief Executive Officer, ', '2022-11-01', '2022-08-31', 18, 13253.76, 73632, 'Approved', 'Unpaid', 0, '2023-02-20 07:27:33', '', '', '0000-00-00', '0000-00-00', '', '0000-00-00', 'gov'),
(3850, 1, 54186, '1.SLPRB main site,2.SLPRB-PC application', 'web', 'Simple', '99', 'The Chairman (SLPRB),', 'State Level Recruitment Board, ', 'DGP Office, Mangalagiri,', 'Vijayawada.', '', 'The Chairman (SLPRB),', '2022-11-07', '2022-11-07', 18, 11894.4, 66080, 'Approved', 'Paid', 66080, '2023-02-20 07:27:33', '66,080.00 payment received from the department', '', '0000-00-00', '0000-00-00', '26559', '2023-01-13', 'gov'),
(3851, 1, 116112, 'EHR application', 'web', 'Complex', '29', 'The Commissioner Mission Director NHM,', 'Health & Family Welfare(CH&FW) Department, ', ' 5th Floor APIIC Building,', 'Mangalagiri Guntur Dt., Andhra Pradesh.', '', 'The Commissioner Mission Director NHM,', '2022-11-10', '2022-11-10', 18, 25488, 141600, 'Approved', 'Unpaid', 0, '2023-02-20 07:27:33', '', '', '0000-00-00', '0000-00-00', '', '0000-00-00', 'gov'),
(3852, 1, 60378, 'Line Clear web', 'web', 'Medium', '57', 'The Chief engineer,', ' APSLDC,Andhra Pradesh State Load Despatch Centre', 'Vidyut Soudha,', ' Eluru Rd, Gunadala,', 'Vijayawada, Andhra Pradesh 520004.', 'The Chief engineer,', '2022-11-21', '2022-11-21', 18, 13253.76, 73632, 'Approved', 'Unpaid', 0, '2023-02-20 07:27:33', '', '', '0000-00-00', '0000-00-00', '', '0000-00-00', 'gov'),
(3853, 1, 60378, 'AP Reorganisation application', 'web', 'Medium', '100', 'The E.O. Principal Secretary to Government (SR), ', 'General Administration (SR) Department, ', '2 nd floor, Hermitaee Comple,, ', 'Hill fort road, Adarsh Near, ', 'Saifabad, Hyderabad.', 'The E.O. Principal Secretary to Government (SR), ', '2022-11-23', '2022-11-15', 18, 13253.76, 73632, 'Approved', 'Unpaid', 0, '2023-02-20 07:27:34', '', '', '0000-00-00', '0000-00-00', '', '0000-00-00', 'gov'),
(3854, 1, 264735, '1.YSR web,2.Polambadi web,3.Insight web,4.YSR mobile,5.Insight mobile', 'web & mobile', 'Medium', '85', 'The Commissioner & Director (Agricultural Marketing),', 'Chuttugunta, Guntur,', 'Andhra Pradesh-522003', '', '', 'The Commissioner & Director (Agricultural Marketing),', '2022-11-23', '2022-11-22', 18, 58112.64, 322848, 'Approved', 'Unpaid', 0, '2023-02-20 07:27:34', '', '', '0000-00-00', '0000-00-00', '', '0000-00-00', 'gov'),
(3855, 1, 60378, 'PRIS-KUDA application', 'web', 'Medium', '101', 'The Vice Chairman (KUDA),', 'Kurnool Urban Development authority,', 'Bhargav Tej,R28V+7J9, A Camp,', 'Kurnool, Andhra Pradesh 518002', '', 'The Vice Chairman (KUDA),', '2022-11-28', '2022-11-23', 18, 13253.76, 73632, 'Approved', 'Unpaid', 0, '2023-02-20 07:27:34', '', '', '0000-00-00', '0000-00-00', '', '0000-00-00', 'gov'),
(3856, 1, 27093, 'Vidya Samiksha Kendra Application', 'web', 'Simple', '90', 'The Commissioner of School Education,', '4th Floor, B block, VTPS Rd, ', 'Bhimaraju Gutta, ', 'Ibrahimpatnam, A.P 521456.', '', 'The Commissioner of School Education,', '2022-11-28', '2022-11-24', 18, 5947.2, 33040, 'Approved', 'Unpaid', 0, '2023-02-20 07:27:34', '', '', '0000-00-00', '0000-00-00', '', '0000-00-00', 'gov'),
(3857, 1, 116112, 'AUA/KUA System', 'web', 'Complex', '42', 'The Managing Director,', 'AP Technology Services Ltd (APTSL),', '3rd floor R&B Building, ', 'Opp. Indira Gandhi Municipal Stadium Bandar Road, ', 'Vijayawada-520010', 'The Managing Director,', '2022-11-28', '2022-11-23', 18, 25488, 141600, 'Approved', 'Unpaid', 0, '2023-02-20 07:27:34', '', '', '0000-00-00', '0000-00-00', '', '0000-00-00', 'gov'),
(3858, 1, 60378, 'YSR Nirman Portal', 'web', 'Medium', '102', 'The Vice Chairman, Managing Director,(APTPC)', 'Andhra Pradesh Trade Promotion Corporation Limited', 'Prashanth house, Eluru Rd, ', 'beside APGENCO, above SBI bank, ', 'Gunadala, Vijayawada, A.P- 520004', 'The Vice Chairman, Managing Director,(APTPC)', '2022-11-30', '2022-11-24', 18, 13253.76, 73632, 'Approved', 'Paid', 67392, '2023-02-20 07:27:34', '67,392 payment received from the department', '', '0000-00-00', '0000-00-00', '26556', '2023-01-04', 'gov'),
(3859, 1, 27093, 'SI application', 'web', 'Simple', '99', 'The Chairman (SLPRB),', 'State Level Recruitment Board, ', 'DGP Office, Mangalagiri,', 'Vijayawada.', '', 'The Chairman (SLPRB),', '2022-11-30', '2022-11-29', 18, 5947.2, 33040, 'Approved', 'Unpaid', 0, '2023-02-20 07:27:34', '', '', '0000-00-00', '0000-00-00', '', '0000-00-00', 'gov'),
(3860, 1, 60378, 'APTIDCO web', 'web', 'Medium', '103', 'The Managing Director,', 'A.P Township & Infrastructure Development Corporation,', '4th Floor, PN Bus Stand, ', 'NTR Administrative Block, ', 'Vijayawada, Krishna District-520002, A.P.', 'The Managing Director,', '2022-12-22', '2022-12-19', 18, 13253.76, 73632, 'Approved', 'Unpaid', 0, '2023-02-20 07:27:34', '', '', '0000-00-00', '0000-00-00', '', '0000-00-00', 'gov'),
(3861, 1, 60378, 'Management Information System application', 'web', 'Medium', '104', 'The Engineer-IN Chief,', 'Roads & Building Department,', 'Room No:501, R&B Office Complex, ', 'M.G Road, Labbipet, Vijayawada, ', 'Krishna District-520010, A.P.', 'The Engineer-IN Chief,', '2022-12-22', '2022-12-20', 18, 13253.76, 73632, 'Approved', 'Paid', 73632, '2023-02-20 07:27:34', '73,632 payment received from the department', '', '0000-00-00', '0000-00-00', '26557', '2023-01-05', 'gov'),
(3862, 1, 27093, 'APIS main web site', 'web', 'Simple', '94', 'The CEO, (APIS),', 'Andhra Pradesh Innovation Society,', 'Info Sight 2nd Floor,', 'Survey No.78/2, Junction Tadepalli,', 'Prathuru, A.P-522501.', 'The CEO, (APIS),', '2022-12-26', '2022-12-23', 18, 5947.2, 33040, 'Approved', 'Unpaid', 0, '2023-02-20 07:27:34', '', '', '0000-00-00', '0000-00-00', '', '0000-00-00', 'gov'),
(3863, 1, 60378, 'Reservoir Storage Monitoring System application (RSMS) website', 'web', 'Medium', '31', 'The Engineer-In-Chief,', ' Water Resources Department,', ' #48-10/9-1N.H.Feeder Road, ', 'Near Ramavarappadu Circle,', ' Currency Nagar Vijayawada', 'The Engineer-In-Chief,', '2022-12-28', '2022-12-10', 18, 13253.76, 73632, 'Approved', 'Unpaid', 0, '2023-02-20 07:27:34', '', '', '0000-00-00', '0000-00-00', '', '0000-00-00', 'gov'),
(3864, 1, 60378, 'Resurvey application', 'web', 'Medium', '105', 'The Commissioner,', 'Survey, Settlement and Land Records Office, ', 'Sri Sai Residency, 7th Lane, Opp. Narayana School, ', 'Nagarjuna Nagar, currency nagar, ', 'Vijayawada, Andhra Pradesh 520008.', 'The Commissioner,', '2022-12-28', '2022-12-01', 18, 13253.76, 73632, 'Approved', 'Unpaid', 0, '2023-02-20 07:27:34', '', '', '0000-00-00', '0000-00-00', '', '0000-00-00', 'gov'),
(3865, 1, 41800, 'CADA mobile', 'mobile', 'Medium', '106', 'The State Project Director,Andhra Pradesh Integrated Irrigation and Agriculture Transformation Project', 'CADA, Water Resources Department.(APIIATP),', 'O/o Commissioner, CADA,', '3rd Floor, Vysya Bhavan,', 'Hanumanpet, Vijayawada-520003.', 'The State Project Director,Andhra Pradesh Integrated Irrigation and Agriculture Transformation Project', '2022-12-15', '2022-06-01', 18, 9175.68, 50976, 'Approved', 'Unpaid', 0, '2023-02-20 07:27:34', '', '', '0000-00-00', '0000-00-00', '', '0000-00-00', 'gov'),
(3866, 1, 27093, 'e-sign application', 'web', 'simple', '35', 'The Chief Commissioner of Land Administration (CCLA), ', 'Department of Revenue,', '22-19 Jaasthi Towers 2nd floor, ', '1st Block Saipuram Colony Road,', ' Gollapudi Vijayawada-521225', 'The Chief Commissioner of Land Administration (CCLA), ', '2022-11-28', '2022-09-03', 18, 5947.2, 33040, 'Approved', 'Unpaid', 0, '2023-02-20 07:27:34', '', '', '0000-00-00', '0000-00-00', '', '0000-00-00', 'gov'),
(3867, 1, 243835, '1.MSME,2.Legal info,3.EC status,4.Land Acquisition,5.Engineering,6.IP Layout,7.Project implementation status,8.KPI,9.APIIC Web', 'web', 'Simple', '107', 'The Managing Director,', 'Andhra pradesh Industrial Infrastructure Corporation Ltd, (APIIC)', 'APIIC towers Plot No-1,IT Park, Autonagar,Andhra Pradesh 522503', '', '', 'The Managing Director,', '2022-12-07', '2022-11-17', 18, 53524.8, 297360, 'Approved', 'Unpaid', 0, '2023-02-20 07:27:35', '', '', '0000-00-00', '0000-00-00', '', '0000-00-00', 'gov'),
(3868, 1, 27093, 'Claims web', 'web', 'Simple', '37', 'The Chief Executive Officer,', ' Society for Elimination of Rural Poverty (SERP),', '2nd floor Dr.NTR Administrative Block,', 'Pandit Nehru RTC Bus Complex,', 'Vijayawada- 520001', 'The Chief Executive Officer,', '2022-12-07', '2022-11-16', 18, 5947.2, 33040, 'Approved', 'Unpaid', 0, '2023-02-20 07:27:35', '', '', '0000-00-00', '0000-00-00', '', '0000-00-00', 'gov'),
(3869, 1, 60378, 'ERP package application', 'web', 'Medium', '108', 'The Managing Director,(APHDC Ltd)', 'Andhra Pradesh Handicrafts Development Corporation Ltd.', 'D.No 14-20-5, 1st Floor, CFSC Building,', 'Lepakshi Building, Gandhi Nagar,', 'Vijayawada, 520003 (A.P.)', 'The Managing Director,(APHDC Ltd)', '2022-12-13', '2022-12-12', 18, 13253.76, 73632, 'Approved', 'Unpaid', 0, '2023-02-20 07:27:35', '', '', '0000-00-00', '0000-00-00', '', '0000-00-00', 'gov'),
(3870, 1, 918400, '32', 'network', '', '109', 'The Registrar (IT-Cum-Central Project Coordinator),', 'High Court, Nelapadu, Amaravati,', 'Andhra Pradesh-522237.', '', '', 'The Registrar (IT-Cum-Central Project Coordinator),', '2022-06-06', '0000-00-00', 18, 201600, 1120000, 'Approved', 'Unpaid', 0, '2023-02-20 07:27:35', '', '', '0000-00-00', '0000-00-00', '', '0000-00-00', 'gov'),
(3871, 1, 31969, 'Power Corporation', 'Web Application Security Audit (WASA)', 'Medium', '111', 'The Chief Executive Officer, ', 'AP Power Finance Corporation LTD (APPFCL),', '48-12-16, 2nd floor, ', 'East wing Vidyut Soudha,', 'Gunadala, Vijayawada- 520004', 'The Chief Executive Officer', '2020-12-21', '2020-12-21', 18, 7017.66, 38987, 'Approved', 'Paid', 38987, '2023-02-22 06:11:35', 'Payment received ', '2021-1809865', '0000-00-00', '0000-00-00', '', '0000-00-00', 'gov'),
(3872, 1, 31969, 'APDC', 'Web Application Security Audit (WASA)', 'Medium', '112', 'The Vice Chairman & Managing Director,', ' AP Digital Corporation (APDC),', ' 3rd Floor, Plot No. 9, NTR Administrative Block,', ' Pandit Nehru Bus Station, NH ? 65,', ' Vijayawada ? 520001, Andhra Pradesh', 'The Vice Chairman & Managing Director,', '2020-12-23', '2020-12-23', 18, 7017.66, 38987, 'Approved', 'Paid', 38987, '2023-02-22 06:11:35', 'Payment received ', '2021-525800', '2020-12-24', '2020-12-23', '', '0000-00-00', 'gov'),
(3873, 1, 71247, 'GIS& MIS', 'Web Application Security Audit (WASA)', 'Simple', '106', 'The State Project Director,Andhra Pradesh Integrated Irrigation and Agriculture Transformation Project', 'CADA, Water Resources Department.(APIIATP),', 'O/o Commissioner, CADA,', '3rd Floor, Vysya Bhavan,', 'Hanumanpet, Vijayawada-520003.', 'The State Project Director,Andhra Pradesh Integrated Irrigation and Agriculture Transformation Project', '2020-12-31', '2020-12-16', 18, 15639.48, 86886, 'Approved', 'Paid', 85413, '2023-02-22 06:11:35', '85413 payment received', '2021-1442234', '0000-00-00', '0000-00-00', '26310', '2022-04-25', 'gov'),
(3874, 1, 31969, 'Health cards', 'Web Application Security Audit (WASA)', 'simple', '113', 'The Chief Executive Officer, ', 'Dr.YSR Aarogyasri Health Care Trust,241, ', 'MGM Capital Building, Near NRI Junction,', ' Beside Little Village Restaurant,', ' Chinakakani, Mangalagiri, Guntur-522508', 'The Chief Executive Officer, ', '2020-12-31', '2020-12-31', 18, 7017.66, 38987, 'Approved', 'Paid', 38987, '2023-02-22 06:11:35', '35683,payment received', '', '0000-00-00', '0000-00-00', '25921', '2021-07-05', 'gov'),
(3875, 1, 21287, 'APCOST', 'Web Application Security Audit (WASA)', 'simple', '114', 'The Member Secretary, ', 'Andhra Pradesh State Council of Science & Technology (APCOST),', 'Regional Science Center Rd, Next to A.P. Tourism, ', 'Bhavanipuram,V D Puram, ', 'Vijayawada, Andhra Pradesh 520012', 'The Member Secretary, ', '2021-01-01', '2020-12-31', 18, 4672.8, 25960, 'Approved', 'Paid', 25960, '2023-02-22 06:11:35', 'payment received', '', '0000-00-00', '0000-00-00', '25693', '2021-01-27', 'gov'),
(3876, 1, 71246, 'House Hold Tax', 'Web Application Security Audit (WASA)', 'Medium', '41', 'The Commissioner,', ' Panchayati Raj &Rural Development,', ' D.No:12-47 PVS Icon Building Pathuru Cross Road, ', '4/7 Inner Ring road Gorantla,', ' Tadepalli Vijayawada-522501', 'The Commissioner,', '2021-01-05', '2021-04-01', 18, 15639.3, 86885, 'Approved', 'Paid', 86886, '2023-02-22 06:11:36', 'payment received', '', '0000-00-00', '0000-00-00', '25908', '2021-06-11', 'gov'),
(3877, 1, 71247, 'APPSC', 'Web Application Security Audit (WASA)', 'Simple', '49', 'The Chairman, ', 'Andhra Pradesh Public Service Commission (APPSC), ', '2nd Floor MG Road Opp Indira Gandhi Municipal Stadium ,', 'New R&B Building,', ' Vijayawada-520010', 'The Chairman, ', '2021-01-06', '2020-12-24', 18, 15639.66, 86887, 'Approved', 'Paid', 86887, '2023-02-22 06:11:36', '85148 payment received', '', '0000-00-00', '0000-00-00', '25751', '2021-03-03', 'gov'),
(3878, 1, 31969, 'GVWV&VSWS', 'Web Application Security Audit (WASA)', 'Medium', '47', 'The Commissioner & Director,', 'Andhra Pradesh Gram Volunteers/ Ward Volunteers and Village Secretariats/ Ward Secretariats Department [GSWSD], ', 'AP state Housing corporation ltd Plot no.11 & 12,', ' backside of BSNL telephone exchange Near APIIC colony,', ' Autonagar Vijayawada-520007', 'The Commissioner & Director,', '2021-01-07', '2021-01-07', 18, 7017.66, 38987, 'Approved', 'Paid', 38987, '2023-02-22 06:11:36', '35683payment received', '', '0000-00-00', '0000-00-00', '26141', '2022-01-11', 'gov'),
(3879, 1, 71247, 'Meeseva', 'Web Application Security Audit (WASA)', 'simple', '30', 'The Director, ESD (Meeseva),', ' Plot No.11&12 Backside of BSNL Telephone Exchange,', ' Autonagar, Vijayawada-520007', '', '', 'The Director, ESD (Meeseva),', '2021-01-08', '2021-01-08', 18, 15639.66, 86887, 'Approved', 'Paid', 86885, '2023-02-22 06:11:36', 'payment received', '', '0000-00-00', '0000-00-00', '25783', '2021-03-19', 'gov'),
(3880, 1, 101598, 'WEBLand Services', 'Web Application Security Audit (WASA)', 'Medium', '35', 'The Chief Commissioner of Land Administration (CCLA), ', 'Department of Revenue,', '22-19 Jaasthi Towers 2nd floor, ', '1st Block Saipuram Colony Road,', ' Gollapudi Vijayawada-521225', 'The Chief Commissioner of Land Administration (CCLA), ', '2021-01-08', '2021-01-08', 18, 22302, 123900, 'Approved', 'Paid', 123900, '2023-02-22 06:11:36', 'payment received', '', '0000-00-00', '0000-00-00', '25761', '2021-03-18', 'gov'),
(3881, 1, 31969, 'LMS', 'Web Application Security Audit (WASA)', 'Simple, Medium', '100', 'The E.O. Principal Secretary to Government (SR), ', 'General Administration (SR) Department, ', '2 nd floor, Hermitaee Comple,, ', 'Hill fort road, Adarsh Near, ', 'Saifabad, Hyderabad.', 'The E.O. Principal Secretary to Government (SR), ', '2021-01-11', '2021-01-11', 18, 7017.66, 38987, 'Approved', 'Paid', 38987, '2023-02-22 06:11:36', '38,207 net  amount, ITTDS 780, total 38987 payment received', '', '0000-00-00', '0000-00-00', '26516', '2022-06-17', 'gov'),
(3882, 1, 71247, 'Ground water', 'Web Application Security Audit (WASA)', 'Simple', '115', 'The Director, Andhra Pradesh Water Resources Information & Management System(APWRIMS),', ' Ground Water & Water Audit Department,', '4th & 5th Floor, Vysya Bhavan, ', 'Namboori Gopalrao Street,', ' Vijayawada-520013', 'The Director, Andhra Pradesh Water Resources Information & Management System(APWRIMS),', '2021-01-11', '2020-12-22', 18, 15639.48, 86886, 'Approved', 'Paid', 86886, '2023-02-22 06:11:36', '83941 (payment received)', '', '0000-00-00', '0000-00-00', '25952', '2021-08-23', 'gov'),
(3883, 1, 31969, 'Mobile', 'Mobile Application Security Audit (MASA)', 'Simple, Medium', '115', 'The Director, Andhra Pradesh Water Resources Information & Management System(APWRIMS),', ' Ground Water & Water Audit Department,', '4th & 5th Floor, Vysya Bhavan, ', 'Namboori Gopalrao Street,', ' Vijayawada-520013', 'The Director, Andhra Pradesh Water Resources Information & Management System(APWRIMS),', '2021-01-11', '2020-12-22', 18, 7017.66, 38987, 'Approved', 'Paid', 38987, '2023-02-22 06:11:36', '37666 payment receieved', '', '0000-00-00', '0000-00-00', '26110', '2021-11-19', 'gov'),
(3884, 1, 31969, 'ACB Web', 'Web Application Security Audit (WASA)', 'Simple', '116', 'The Director General, ', 'Anti Corruption Bureau (ACB), ', 'A.P.Headquarters Office 2nd floor N.T.R.Admn Block,', ' Pandit Nehru Bus Station, ', 'Vijayawada-520001', 'The Director General, ', '2021-01-21', '2021-01-11', 18, 7017.66, 38987, 'Approved', 'Unpaid', 0, '2023-02-22 06:11:36', '', '', '0000-00-00', '0000-00-00', '', '0000-00-00', 'gov'),
(3885, 1, 71247, 'APMDC', 'Web Application Security Audit (WASA)', 'Medium', '117', 'The Vice Chairman & Managing Director,', ' The AP Mineral Development Corporation Ltd. (APMDC), ', '294 / 1D 100 Ft. Road Kanuru Village,', ' Penamaluru Mandal, ', 'Vijayawada ? 521137', 'The Vice Chairman & Managing Director,', '2021-01-21', '2021-01-19', 18, 15639.66, 86887, 'Approved', 'Paid', 73633, '2023-02-22 06:11:36', '73633 payment received', '', '0000-00-00', '0000-00-00', '26194', '0000-00-00', 'gov'),
(3886, 1, 71247, 'WEB', 'Web Application Security Audit (WASA)', 'Simple', '85', 'The Commissioner & Director (Agricultural Marketing),', 'Chuttugunta, Guntur,', 'Andhra Pradesh-522003', '', '', 'The Commissioner & Director (Agricultural Marketing),', '2021-01-25', '2021-01-23', 18, 15639.66, 86887, 'Approved', 'Paid', 86887, '2023-02-22 06:11:36', 'payment received', '', '0000-00-00', '0000-00-00', '25722', '2021-02-23', 'gov'),
(3887, 1, 31969, 'Mobile', 'Web Application Security Audit (WASA)', 'Simple, Medium', '85', 'The Commissioner & Director (Agricultural Marketing),', 'Chuttugunta, Guntur,', 'Andhra Pradesh-522003', '', '', 'The Commissioner & Director (Agricultural Marketing),', '2021-01-25', '2021-01-23', 18, 7017.66, 38987, 'Approved', 'Paid', 38987, '2023-02-22 06:11:36', 'payment received', '', '0000-00-00', '0000-00-00', '25722', '2021-02-23', 'gov'),
(3888, 1, 31969, 'WEB', 'Web Application Security Audit (WASA)', 'Simple', '118', '', '', '', '', '', '', '2021-01-28', '2021-01-28', 18, 7017.66, 38987, 'Approved', 'Paid', 38987, '2023-02-22 06:11:36', '39987payment received', '', '0000-00-00', '0000-00-00', '25755', '2021-03-05', 'gov'),
(3889, 1, 31969, '', 'Web Application Security Audit (WASA)', 'Simple', '119', 'The Chief Executive Officer,', 'A.P. State Development Planning Society (APSDPS),', '5th Floor Kalanjali Building MG Rd, ', 'Opposite Kalanjali Labbipet, ', 'Vijayawada-520010', 'The Chief Executive Officer,', '2021-01-29', '2021-01-29', 18, 7017.66, 38987, 'Approved', 'Paid', 35684, '2023-02-22 06:11:36', 'cfms pending', '2021-342821', '0000-00-00', '0000-00-00', '', '0000-00-00', 'gov'),
(3890, 1, 71246, 'WEB', 'Web Application Security Audit (WASA)', 'Simple', '120', 'The Commissioner, ', 'Technical Education Department,', ' ANR Towers, ', 'Jammichettu Street, Prasadampadu, ', 'Vijayawada-52008', 'The Commissioner, ', '2021-02-03', '2021-02-01', 18, 15639.3, 86885, 'Approved', 'Paid', 86885, '2023-02-22 06:11:36', '79890 (payment received)', '', '0000-00-00', '0000-00-00', '25904', '2021-06-01', 'gov'),
(3891, 1, 31969, 'WEB', 'Mobile Application Security Audit (MASA)', 'Medium', '29', 'The Commissioner Mission Director NHM,', 'Health & Family Welfare(CH&FW) Department, ', ' 5th Floor APIIC Building,', 'Mangalagiri Guntur Dt., Andhra Pradesh.', '', 'The Commissioner Mission Director NHM,', '2021-02-04', '2021-02-02', 18, 7017.66, 38987, 'Approved', 'Paid', 38127, '2023-02-22 06:11:36', '38127 payment received', '', '0000-00-00', '0000-00-00', '26509', '2022-06-07', 'gov'),
(3892, 1, 103216, 'eWatch', 'Web Application Security Audit (WASA)', 'Medium', '121', 'The Secretary, ', 'Andhra Pradesh State Election Commission, ', 'R&B Building, 1st floor,', ' MG Road, Labbipet,', ' Vijayawada-520010', 'The Secretary, ', '2021-02-09', '2021-02-04', 18, 22657.14, 125873, 'Approved', 'Paid', 0, '2023-02-22 06:11:36', 'follow up not required', '', '0000-00-00', '0000-00-00', '', '0000-00-00', 'gov'),
(3893, 1, 31969, 'WEB', 'Web Application Security Audit (WASA)', 'Medium', '29', 'The Commissioner Mission Director NHM,', 'Health & Family Welfare(CH&FW) Department, ', ' 5th Floor APIIC Building,', 'Mangalagiri Guntur Dt., Andhra Pradesh.', '', 'The Commissioner Mission Director NHM,', '2021-02-18', '2021-02-18', 18, 7017.66, 38987, 'Approved', 'Unpaid', 0, '2023-02-22 06:11:36', '', '', '0000-00-00', '0000-00-00', '', '0000-00-00', 'gov'),
(3894, 1, 71246, 'WEB', 'Web Application Security Audit (WASA)', 'Medium', '34', 'The Vice Chairman & Managing Director,\n ', 'AP State Civil Supplies Corporation Ltd,', '  IV th & V th Floor Corp.Office H.No.10-152/1', ' Sri Sai Towers Ashok Nagar, Beside Siris Company', ' Kanuru Bandar Road, Vijayawada-520007.', 'The Vice Chairman & Managing Director,\n ', '2021-02-18', '2021-02-18', 18, 15639.3, 86885, 'Approved', 'Unpaid', 0, '2023-02-22 06:11:36', '', '', '0000-00-00', '0000-00-00', '', '0000-00-00', 'gov'),
(3895, 1, 103216, 'WEB & MOBILE APPLICATION', 'WASA ,MASA', ' Low / Medium', '52', 'The Member Secretary, ', 'Andhra Pradesh Pollution Control Board (APPCB),', 'D.No. 33-26-14 D/2, Near Sunrise Hospital,', 'Pushpa Hotel Centre, Chalamalavari Street,', 'Kasturibaipet,Vijayawada ? 520 010', 'The Member Secretary, ', '2021-02-24', '2021-02-23', 18, 22657.14, 125873, 'Approved', 'Paid', 125873, '2023-02-22 06:11:36', '121605(payment received)', '', '0000-00-00', '0000-00-00', '25916', '2021-06-21', 'gov'),
(3896, 1, 95909, '', '3-Mobile Application Security Audit (MASA)', 'Complex', '29', 'The Commissioner Mission Director NHM,', 'Health & Family Welfare(CH&FW) Department, ', ' 5th Floor APIIC Building,', 'Mangalagiri Guntur Dt., Andhra Pradesh.', '', 'The Commissioner Mission Director NHM,', '2021-02-24', '2021-02-23', 18, 21053.16, 116962, 'Approved', 'Paid', 116962, '2023-02-22 06:11:36', 'Payment received', '2021-1116887', '0000-00-00', '0000-00-00', '25975', '2021-10-01', 'gov'),
(3897, 1, 103216, 'QC, APHRMS', 'Web Application Security Audit (WASA)', 'Simple', '41', 'The Commissioner,', ' Panchayati Raj &Rural Development,', ' D.No:12-47 PVS Icon Building Pathuru Cross Road, ', '4/7 Inner Ring road Gorantla,', ' Tadepalli Vijayawada-522501', 'The Commissioner,', '2021-02-25', '2021-02-18', 18, 22657.14, 125873, 'Approved', 'Paid', 125873, '2023-02-22 06:11:37', 'Payment received', '', '0000-00-00', '0000-00-00', '25920', '2021-06-24', 'gov'),
(3898, 1, 31969, 'Citizen portal', 'Web Application Security Audit (WASA)', 'Medium', '48', 'The Director General of Police,', 'Andhra Pradesh Police Department,', 'Crime and Criminal Tracking Network & Systems (CCTNS), ', ' AP State Police Tech Towers, ', 'Mangalagiri Guntur District - 522502', 'The Director General of Police,', '2021-03-15', '2021-03-12', 18, 7017.66, 38987, 'Approved', 'Paid', 35684, '2023-02-22 06:11:37', '35684 payment received', '2021-2222374', '0000-00-00', '0000-00-00', '26318', '2022-04-28', 'gov'),
(3899, 1, 48380, 'WEB', 'Web Application Security Audit (WASA)', 'Medium', '122', 'The Cheif Executive Officer, ', 'Andhra Pradesh State Fiber Net Limited, ', '3rd Floor, NTR Administrative Block,', ' Pandit Nehru Bus Station,', ' NH 65, Vijayawada-520001', 'The Cheif Executive Officer, ', '2021-03-16', '2021-03-16', 18, 10620, 59000, 'Approved', 'Paid', 109250, '2023-02-22 06:11:37', 'Payment received (excess received)', '', '0000-00-00', '0000-00-00', '25964 /25966', '2021-09-15', 'gov'),
(3900, 1, 464390, 'CDMA, Certificate Charge for similar applications (109*4838)', 'Web Application Security Audit (WASA)', 'Medium', '32', 'The Commissioner & Director of Municipal Administration, ', 'Municipal Administration Department,', ' Prime Hill Crest 4th Floor Near DGP Office, ', 'Beside Ultratech ReadyMix Plant Vaddeswaram Village,', ' Mangalagiri-522502', 'The Commissioner & Director of Municipal Administration, ', '2021-03-17', '2021-02-22', 18, 101939.22, 566329, 'Approved', 'Paid', 566329, '2023-02-22 06:11:37', '520734 payment received', '', '0000-00-00', '0000-00-00', '25780', '2021-04-07', 'gov'),
(3901, 1, 103216, 'CFMS, FINSAPP', 'Web Application Security Audit (WASA)', 'Medium', '50', 'The Chief Executive officer ,', '(Andhra Pradesh Centre for Financial Systems and Services (APCFSS) (APCFSS),', '6th Floor C-Block Anjaneya Towers 24-125,', 'Vijayawada - Mylavaram Rd Bhimaraju Gutta,', 'Ibrahimpatnam Andhra Pradesh 521456.', 'The Chief Executive officer ,', '2021-03-18', '2021-03-18', 18, 22657.14, 125873, 'Approved', 'Paid', 125873, '2023-02-22 06:11:37', 'Payment received', '2021-1809865', '0000-00-00', '0000-00-00', '', '0000-00-00', 'gov'),
(3902, 1, 19352, 'Science City', 'Web Application Security Audit (WASA)', 'Complex, Complex, Low', '123', 'The Cheif Executive Officer, ', 'Science City of Andhra Pradesh, ', 'Building No.4, Room No.170,', ' AP Secretariat, Velagapudi, ', 'Guntur-522238', 'The Cheif Executive Officer, ', '2021-03-22', '2021-03-18', 18, 4248, 23600, 'Approved', 'Paid', 23600, '2023-02-22 06:11:37', 'Payment received', '', '0000-00-00', '0000-00-00', '25769', '2021-03-26', 'gov'),
(3903, 1, 31969, 'Digital Signature Service', 'Web Application Security Audit (WASA)', 'Medium', '32', 'The Commissioner & Director of Municipal Administration, ', 'Municipal Administration Department,', ' Prime Hill Crest 4th Floor Near DGP Office, ', 'Beside Ultratech ReadyMix Plant Vaddeswaram Village,', ' Mangalagiri-522502', 'The Commissioner & Director of Municipal Administration, ', '2021-03-22', '2021-03-20', 18, 7017.66, 38987, 'Approved', 'Paid', 38987, '2023-02-22 06:11:37', 'Payment received', '', '0000-00-00', '0000-00-00', '25918', '2021-06-23', 'gov'),
(3904, 1, 31969, 'APSWC', 'Web Application Security Audit (WASA)', 'Complex', '124', 'The Managing Director,', 'AP State Warehousing Corporation (APSWC),', 'Stalin Corporate Building, Back side of Auto Nagar,', '2nd floor, D.No.55-17-3,C-13, Industrial Estate,', 'Autonagar, Vijayawada - 520007', 'The Managing Director,', '2021-03-24', '2021-03-24', 18, 7017.66, 38987, 'Approved', 'Paid', 38987, '2023-02-22 06:11:37', '36509 (payment received)', '', '0000-00-00', '0000-00-00', '25773', '2021-03-26', 'gov'),
(3905, 1, 120570, '1) Rajamahendravaram Municipal Corporation 2) Mana Rajamahendravaram Mobile Application', 'Web Application Security Audit (WASA)', 'Medium', '125', 'The Commissioner,', 'Rajamahendravaram Municipal Corporation, ', 'MCR Office Road, ', 'Rajahmundry-533101, ', 'Andhra Pradesh', 'The Commissioner,', '2021-03-25', '2021-03-25', 18, 26466.66, 147037, 'Approved', 'Paid', 147037, '2023-02-22 06:11:37', '144831 (payment received)', '', '0000-00-00', '0000-00-00', '25787', '2021-03-30', 'gov'),
(3906, 1, 71246, 'APCORS SSLR Application', 'Web Application Security Audit (WASA)', 'Medium', '126', 'The Commissioner,', 'Survey Settlement and Land Records office, ', 'Sri Sai Residency 7th Lane Opp. Narayana School, ', 'Nagarjuna Nagar, Currency Nagar, ', 'Vijayawada, Andhra Pradesh 520008', 'The Commissioner,', '2021-04-06', '2021-04-01', 18, 15639.3, 86885, 'Approved', 'Paid', 86885, '2023-02-22 06:11:37', '86885 (payment received)', '', '2021-11-30', '2022-05-29', '25933', '2021-09-08', 'gov'),
(3907, 1, 71246, 'SEEDAP', 'Web Application Security Audit (WASA)', 'Low', '127', 'The Chief Executive Officer, ', 'Soceity for Employment Generation and Enterprise Development in AP (SEEDAP), ', '#2nd Floor, Dr.NTR Administrative Block, ', 'Pandit Nehru Bus Station, ', 'Vijayawada-520013', 'The Chief Executive Officer, ', '2021-03-12', '2021-03-12', 18, 15639.3, 86885, 'Approved', 'Paid', 86885, '2023-02-22 06:11:37', 'Payment received', '2021-386498', '0000-00-00', '0000-00-00', '', '0000-00-00', 'gov'),
(3908, 1, 96765, 'SEEDAP and AUA/KUA', '', 'Simple', '127', 'The Chief Executive Officer, ', 'Soceity for Employment Generation and Enterprise Development in AP (SEEDAP), ', '#2nd Floor, Dr.NTR Administrative Block, ', 'Pandit Nehru Bus Station, ', 'Vijayawada-520013', 'The Chief Executive Officer, ', '2021-03-12', '2021-03-12', 18, 21241.08, 118006, 'Approved', 'Paid', 118006, '2023-02-22 06:11:37', 'Payment received', '2021-378869', '0000-00-00', '0000-00-00', '', '0000-00-00', 'gov'),
(3909, 1, 103216, 'SSAAT / NREGS', 'Web Application Security Audit (WASA)', 'Complex, Medium, Complex, Medium, Medium', '41', 'The Commissioner,', ' Panchayati Raj &Rural Development,', ' D.No:12-47 PVS Icon Building Pathuru Cross Road, ', '4/7 Inner Ring road Gorantla,', ' Tadepalli Vijayawada-522501', 'The Commissioner,', '2021-04-06', '2021-04-01', 18, 22657.14, 125873, 'Approved', 'Paid', 125873, '2023-02-22 06:11:37', 'payment received', '2021-1130973', '0000-00-00', '0000-00-00', '25974', '2021-10-01', 'gov'),
(3910, 1, 96765, 'CM APP (Process Audit to Aadhar Services)', 'Process services', 'Simple', '84', 'The Managing Director,', ' Andhra Pradesh State Co-operative Marketing Federation Ltd,(APMARKFED),', '#56-2-11 4th & 5th Floor APMARKFEDBuilding,', ' APIIC Colony Jawahar Auto Nagar,', 'Vijayawada ? 520007.', 'The Managing Director,', '2021-04-15', '2021-04-08', 18, 21241.08, 118006, 'Approved', 'Paid', 118006, '2023-02-22 06:11:37', 'payment received', '', '0000-00-00', '0000-00-00', '25901', '2021-05-27', 'gov'),
(3911, 1, 31969, 'APSVC', 'Web Application Security Audit (WASA)', 'Simple, Simple', '128', 'The Registrar, ', 'Andhra Pradesh state Veterninary Coucil, ', 'Muthyalampadu, ', 'Near Govt. Printing Press, ', 'Vijayawada-520011', 'The Registrar, ', '2021-04-09', '2021-04-07', 18, 7017.66, 38987, 'Approved', 'Paid', 38987, '2023-02-22 06:11:37', 'payment received', '', '0000-00-00', '0000-00-00', '25915', '2021-06-17', 'gov'),
(3912, 1, 222955, '3 WASA, VAPT', 'Web Application Security Audit (WASA)', '210, Medium, Medium, Simple, Simple', '129', 'The Chief General Manager (Adm IS&ERP), ', 'APGENCO, Vidyut Soudha, ', 'Eluru Road Gunadala, ', 'Vijayawada-520004', '', 'The Chief General Manager (Adm IS&ERP), ', '2021-04-07', '2021-04-24', 18, 48941.28, 271896, 'Approved', 'Paid', 288209, '2023-02-22 06:11:37', '2,88,209 payment received', '', '0000-00-00', '0000-00-00', '26506', '2022-05-26', 'gov'),
(3913, 1, 49325, 'Mana Anganwadi', 'Mobile Application Security Audit (MASA)', 'simple', '153', 'The Director, ', 'Women Development & Child Welfare (WDCW), ', '2nd floor Jampani Towers Lodge Centre,', ' Amaravathi Road Guntur-522002', '', 'The Director, ', '2021-04-15', '2021-05-14', 18, 10827.36, 60152, 'Approved', 'Paid', 60152, '2023-02-22 06:11:37', 'payment received (Mr Reddy) details not available', '', '0000-00-00', '0000-00-00', '', '0000-00-00', 'gov'),
(3914, 1, 71247, 'APLWB', 'Web Application Security Audit (WASA)', 'Medium', '131', 'The Welfare Commisisoner, ', 'Andhra Pradesh Labour Welfare Board, ', 'Door No.33-7-6 & 33-8-14, ', 'Paturi\'s Pride, Papaiah Street X Roads, ', 'Sitrampuram, Vijayawada-520002', 'The Welfare Commisisoner, ', '2021-04-19', '2021-05-19', 18, 15639.48, 86886, 'Approved', 'Paid', 86886, '2023-02-22 06:11:37', '79522payment received', '', '0000-00-00', '0000-00-00', '26171', '2022-03-10', 'gov'),
(3915, 1, 277678, '1) SPMS, 2) LMS, 3) CSR, 4) CDMA Easy English, 5) SPMS Assessment  Web Applications', 'Web Application Security Audit (WASA)', 'Medium', '32', 'The Commissioner & Director of Municipal Administration, ', 'Municipal Administration Department,', ' Prime Hill Crest 4th Floor Near DGP Office, ', 'Beside Ultratech ReadyMix Plant Vaddeswaram Village,', ' Mangalagiri-522502', 'The Commissioner & Director of Municipal Administration, ', '2021-04-20', '2021-02-10', 18, 60953.7024, 338631.68, 'Approved', 'Paid', 304194, '2023-02-22 06:11:37', '304194 RECEIVED', '2021-1014543', '0000-00-00', '0000-00-00', '26406', '2022-04-12', 'gov'),
(3916, 1, 305994, '1) E-Procurement Portal 2) Konugolu Portal 3) E-Procurement Static Application', 'Web  Application Security Audit', '', '42', 'The Managing Director,', 'AP Technology Services Ltd (APTSL),', '3rd floor R&B Building, ', 'Opp. Indira Gandhi Municipal Stadium Bandar Road, ', 'Vijayawada-520010', 'The Managing Director,', '2021-04-22', '2021-04-22', 18, 67169.34, 373163, 'Approved', 'Paid', 373163, '2023-02-22 06:11:37', '3,73,163 Payment received', '', '0000-00-00', '0000-00-00', '26129', '2021-12-29', 'gov'),
(3917, 1, 71247, 'APP Server Portal', 'Web Application Security Audit (WASA)', 'Medium', '122', 'The Cheif Executive Officer, ', 'Andhra Pradesh State Fiber Net Limited, ', '3rd Floor, NTR Administrative Block,', ' Pandit Nehru Bus Station,', ' NH 65, Vijayawada-520001', 'The Cheif Executive Officer, ', '2021-04-27', '2021-04-26', 18, 15639.48, 86886, 'Approved', 'Paid', 86886, '2023-02-22 06:11:37', '79522 Payment received', '', '0000-00-00', '0000-00-00', '25965', '2021-09-15', 'gov'),
(3918, 1, 96765, 'MGNREGS AUA/KUA Services', 'Process services', 'Medium', '41', 'The Commissioner,', ' Panchayati Raj &Rural Development,', ' D.No:12-47 PVS Icon Building Pathuru Cross Road, ', '4/7 Inner Ring road Gorantla,', ' Tadepalli Vijayawada-522501', 'The Commissioner,', '2021-04-27', '2021-04-16', 18, 21241.08, 118006, 'Approved', 'Paid', 118006, '2023-02-22 06:11:37', 'Payment received', '', '0000-00-00', '0000-00-00', '25920', '2021-06-24', 'gov'),
(3919, 1, 49325, 'YSR PrePrimary Nadu-Nedu', 'Mobile Application Security Audit (MASA)', 'Medium', '86', 'The Managing Director, ', 'AP State Housing Corporation Ltd, ', 'Plot No.11&12 Behind BSNL Telephone Exchange, ', 'Autonagar, Vijayawada-520007', '', 'The Managing Director, ', '2021-04-29', '2021-04-12', 18, 10827.36, 60152, 'Approved', 'Unpaid', 0, '2023-02-22 06:11:37', '', '', '0000-00-00', '0000-00-00', '', '0000-00-00', 'gov'),
(3920, 1, 71247, 'Giri Pragati', 'Web Application Security Audit (WASA)', 'Medium', '78', 'The Director (Tribal Welfare Dept),', 'D.No.40-3/1-46-4A,', ' Ward No.13,Koneru Lakshmaiah Street,', 'Moghalrajpuram, ', 'Vijayawada-520010, A.P', 'The Director (Tribal Welfare Dept),', '2021-04-30', '2021-04-29', 18, 15639.48, 86886, 'Approved', 'Paid', 85414, '2023-02-22 06:11:37', '85414 payment received', '', '0000-00-00', '0000-00-00', '26317', '2022-04-28', 'gov'),
(3921, 1, 63939, 'Meebhumi and loan charge', 'Web Application Security Audit (WASA)', 'Medium', '35', 'The Chief Commissioner of Land Administration (CCLA), ', 'Department of Revenue,', '22-19 Jaasthi Towers 2nd floor, ', '1st Block Saipuram Colony Road,', ' Gollapudi Vijayawada-521225', 'The Chief Commissioner of Land Administration (CCLA), ', '2021-04-30', '2021-04-30', 18, 14035.32, 77974, 'Approved', 'Unpaid', 0, '2023-02-22 06:11:37', '', '', '0000-00-00', '0000-00-00', '', '0000-00-00', 'gov'),
(3922, 1, 31969, 'ceoandhra.nic.in and ceoaperolls.ap.gov.in', 'Mobile Application Security Audit (MASA)', 'Simple', '132', 'The Chief Electoral Officer to Govt, ', 'Election Commission of India, ', 'Room No.192 Ground Floor Building No.5, ', 'A.P.Secretariat Velagapudi, ', 'Amaravati-522238', 'The Chief Electoral Officer to Govt, ', '2021-05-03', '2021-04-08', 18, 7017.66, 38987, 'Approved', 'Paid', 38987, '2023-02-22 06:11:37', 'payment received', '', '0000-00-00', '0000-00-00', '25932', '2021-07-08', 'gov'),
(3923, 1, 1041291, '1) TTD online Services (NextGen) for two application, 2) Tirumala ORG-Admin, RMS, PMS for three applications, 3) TTD AMS Tirupathi, TTD AMS Tirumala, TTD DMS Admin & Operator Modules, 4) ERP application, 5) Srivari Seva Online Application', 'Web Application Security Audit (WASA)', 'Medium', '44', 'The Executive Officer,', 'Tirumala Tirupati Devasthanams (TTD),', '2nd Floor Room No.81C IT Dept,', 'Administrative Building, ', 'K.T.Road Tirupati - 517501', 'The Executive Officer,', '2021-05-07', '2021-04-08', 18, 228576.06, 1269867, 'Approved', 'Paid', 1269867, '2023-02-22 06:11:37', '20,34,671 received from the TTD', '', '0000-00-00', '0000-00-00', '26526', '2022-07-29', 'gov'),
(3924, 1, 71246, 'AP Virtual Police Academy', 'WASA', 'Simple', '48', 'The Director General of Police,', 'Andhra Pradesh Police Department,', 'Crime and Criminal Tracking Network & Systems (CCTNS), ', ' AP State Police Tech Towers, ', 'Mangalagiri Guntur District - 522502', 'The Director General of Police,', '2021-05-19', '2021-05-18', 18, 15639.3, 86885, 'Approved', 'Paid', 86886, '2023-02-22 06:11:37', 'full payment received', '', '0000-00-00', '0000-00-00', '26109', '2021-11-17', 'gov'),
(3925, 1, 63939, 'ceoandhra.nic.in and ceoaperolls.ap.gov.in', 'Web Application Security Audit (WASA)', 'Simple', '132', 'The Chief Electoral Officer to Govt, ', 'Election Commission of India, ', 'Room No.192 Ground Floor Building No.5, ', 'A.P.Secretariat Velagapudi, ', 'Amaravati-522238', 'The Chief Electoral Officer to Govt, ', '2021-05-21', '2021-04-21', 18, 14035.32, 77974, 'Approved', 'Paid', 76415, '2023-02-22 06:11:38', '76415 payment received', '', '0000-00-00', '0000-00-00', '26530', '2022-09-06', 'gov'),
(3926, 1, 816018, '1) TTD Infrastructure IP, 2) Drupal (Paperless Office) application, 3) Compliant Management System, 4) Locker allotment System, 5) Cour case Management System', 'Network and Applications', 'Simple', '44', 'The Executive Officer,', 'Tirumala Tirupati Devasthanams (TTD),', '2nd Floor Room No.81C IT Dept,', 'Administrative Building, ', 'K.T.Road Tirupati - 517501', 'The Executive Officer,', '2021-05-24', '2021-05-20', 18, 179125.92, 995144, 'Approved', 'Paid', 764804, '2023-02-22 06:11:38', '20,34,671 received from the TTD', '', '0000-00-00', '0000-00-00', '26526', '2022-07-29', 'gov'),
(3927, 1, 63939, 'apiic.in (Static) and kriscity.in (Static)', 'Web Application Security Audit (WASA)', 'Medium', '107', 'The Managing Director,', 'Andhra pradesh Industrial Infrastructure Corporation Ltd, (APIIC)', 'APIIC towers Plot No-1,IT Park, Autonagar,Andhra Pradesh 522503', '', '', 'The Managing Director,', '2021-05-24', '2021-05-24', 18, 14035.32, 77974, 'Approved', 'Unpaid', 0, '2023-02-22 06:11:38', '', '', '0000-00-00', '0000-00-00', '', '0000-00-00', 'gov'),
(3928, 1, 71246, 'SBTET Training', 'Web Application Security Audit (WASA)', 'Medium', '133', 'The Commissioner, ', 'State Board of Technical Education and Training (SBTET), ', 'ANR Towers, 5th floor, ', 'Jammi Chettu Road, Prasadampadu, ', 'Vijayawada-521108', 'The Commissioner, ', '2021-05-26', '2021-05-18', 18, 15639.3, 86885, 'Approved', 'Paid', 86885, '2023-02-22 06:11:38', '79890 (payment received)', '', '0000-00-00', '0000-00-00', '25906', '0000-00-00', 'gov'),
(3929, 1, 130753, 'eMunicipal ERP  and 15 sub domains certificates', 'Web Application Security Audit (WASA)', 'Medium', '32', 'The Commissioner & Director of Municipal Administration, ', 'Municipal Administration Department,', ' Prime Hill Crest 4th Floor Near DGP Office, ', 'Beside Ultratech ReadyMix Plant Vaddeswaram Village,', ' Mangalagiri-522502', 'The Commissioner & Director of Municipal Administration, ', '2021-05-27', '2021-05-27', 18, 28701.9, 159455, 'Approved', 'Paid', 159455, '2023-02-22 06:11:38', 'Payment received', '', '0000-00-00', '0000-00-00', '25918', '2021-06-23', 'gov'),
(3930, 1, 290280, '', 'Web & Mobile Applications', 'Medium', '29', 'The Commissioner Mission Director NHM,', 'Health & Family Welfare(CH&FW) Department, ', ' 5th Floor APIIC Building,', 'Mangalagiri Guntur Dt., Andhra Pradesh.', '', 'The Commissioner Mission Director NHM,', '2021-06-02', '2021-06-02', 18, 63720, 354000, 'Approved', 'Paid', 354000, '2023-02-22 06:11:38', 'payment received', '2021-1116887', '0000-00-00', '0000-00-00', '25975', '2021-10-01', 'gov');
INSERT INTO `transaction_log` (`sl`, `qty`, `total`, `app_name`, `app_type`, `category`, `customer`, `address`, `address2`, `address3`, `address4`, `address5`, `subject_address`, `invoice_date`, `mail_received_date`, `sales_tax`, `sales_tax_amount`, `gross_amount`, `transaction_status`, `payment_status`, `received_amount`, `raised_at`, `remarks`, `cfms_id`, `certificate_issued_date`, `certificate_expiry_date`, `apts_receipt_no`, `apts_receipt_date`, `gov`) VALUES
(3931, 1, 61926, 'AP Medical Council Online Provisional Registration System(APMC)', 'Web Application Security Audit (WASA)', 'Simple', '134', 'The Commissioner, ', 'Health & Family Welfare Department (H& FW) and Mission Director NHM, ', 'APIIC Building, 5th floor Mangalagiri, ', 'Guntur Dt.-522503', '', 'The Commissioner, ', '2021-06-18', '2021-06-08', 18, 13593.6, 75520, 'Approved', 'Paid', 74240, '2023-02-22 06:11:38', '74,240Payment received', '', '0000-00-00', '0000-00-00', '26314', '2022-04-28', 'gov'),
(3932, 1, 71246, 'APFPS', 'Web Application Security Audit (WASA)', 'Simple, Simple, Medium', '135', 'The Chief Executive Officer, ', 'Andhra Pradesh Food Processing Society (APFPS), ', 'D.No.48-11/1-5/8, ', 'Gadde Sambasiva Rao Street, ', 'Sri Rama Chandra Nagar, Vijayawada-520008', 'The Chief Executive Officer, ', '2021-06-09', '2021-06-09', 18, 15639.3, 86885, 'Approved', 'Paid', 86885, '2023-02-22 06:11:38', '85,412 (payment received)', '', '0000-00-00', '0000-00-00', '25943', '2021-08-02', 'gov'),
(3933, 1, 49324, 'Puraseva', 'Mobile Application Security Audit (MASA)', 'Simple', '32', 'The Commissioner & Director of Municipal Administration, ', 'Municipal Administration Department,', ' Prime Hill Crest 4th Floor Near DGP Office, ', 'Beside Ultratech ReadyMix Plant Vaddeswaram Village,', ' Mangalagiri-522502', 'The Commissioner & Director of Municipal Administration, ', '2021-06-17', '2021-05-17', 18, 10827.18, 60151, 'Approved', 'Unpaid', 0, '2023-02-22 06:11:38', '', '', '0000-00-00', '0000-00-00', '', '0000-00-00', 'gov'),
(3934, 1, 49324, 'Mobile App', 'Mobile Application Security Audit (MASA)', 'Medium', '86', 'The Managing Director, ', 'AP State Housing Corporation Ltd, ', 'Plot No.11&12 Behind BSNL Telephone Exchange, ', 'Autonagar, Vijayawada-520007', '', 'The Managing Director, ', '2021-06-10', '2021-06-10', 18, 10827.18, 60151, 'Approved', 'Paid', 60151, '2023-02-22 06:11:38', '55,053 (payment received)', '', '0000-00-00', '0000-00-00', '25941', '2021-07-19', 'gov'),
(3935, 1, 49324, 'Navaratnalu-Pedalandariki Illu', 'Web Application Security Audit (WASA)', 'Medium', '86', 'The Managing Director, ', 'AP State Housing Corporation Ltd, ', 'Plot No.11&12 Behind BSNL Telephone Exchange, ', 'Autonagar, Vijayawada-520007', '', 'The Managing Director, ', '2021-06-10', '2021-06-10', 18, 10827.18, 60151, 'Approved', 'Paid', 60151, '2023-02-22 06:11:39', '55054Payment received', '', '0000-00-00', '0000-00-00', '25905', '2021-06-01', 'gov'),
(3936, 1, 31969, 'PMU Portal', 'Web Application Security Audit (WASA)', 'Complex', '86', 'The Managing Director, ', 'AP State Housing Corporation Ltd, ', 'Plot No.11&12 Behind BSNL Telephone Exchange, ', 'Autonagar, Vijayawada-520007', '', 'The Managing Director, ', '2021-06-25', '2021-06-25', 18, 7017.66, 38987, 'Approved', 'Paid', 38987, '2023-02-22 06:11:39', '35682Payment received', '', '0000-00-00', '0000-00-00', '26119', '2021-12-21', 'gov'),
(3937, 1, 71246, 'http://www.eskillap.in/', 'Web Application Security Audit (WASA)', 'Medium', '136', 'The Managing Director, ', 'AP State Skill Development Corporation (APSSDC), ', 'G&J Infra 3rd floor Infosight Building Paathuru Road Junction Survey No.782, ', 'NH 16 Service Road Tadepalli, ', 'Vijayawada-522501, Andhra Pradesh', 'The Managing Director, ', '2021-07-09', '2021-05-18', 18, 15639.3, 86885, 'Approved', 'Unpaid', 0, '2023-02-22 06:11:39', '', '', '0000-00-00', '0000-00-00', '', '0000-00-00', 'gov'),
(3938, 1, 31969, 'E-office-Digital Signature Service', 'Web Application Security Audit (WASA)', 'Medium', '92', 'The Principal Secretary (ITE&C), ', 'IT Electronics & Communications Department, ', '4th Block Room No.208 First Floor,', 'AP Secretariat, Velagapudi Amaravati', '', 'The Principal Secretary (ITE&C), ', '2021-07-02', '2021-06-01', 18, 7017.66, 38987, 'Approved', 'Paid', 0, '2023-02-22 06:11:39', 'amount tranfrd by ITE&C bulk amount, and amount in process in CFMS-2022-2409788', '', '0000-00-00', '0000-00-00', '', '0000-00-00', 'gov'),
(3939, 1, 910200, '49 web apps', 'Web Application Security Audit (WASA)', 'Medium', '137', 'The Chairman & Managing Director, ', 'AP Central Power Distribution Corporation Ltd. (APCPDCL), ', 'Corporate Office, ', 'Beside Polytechnic College ITI Road, ', 'Vijayawad-520008', 'The Chairman & Managing Director, ', '2021-07-08', '2021-07-09', 18, 199800, 1110000, 'Approved', 'Paid', 0, '2023-02-22 06:11:39', 'revised invoice on 19.12.2022 with the value of 11,10,000.00', '', '0000-00-00', '0000-00-00', '', '0000-00-00', 'gov'),
(3940, 1, 31969, 'www.forests.ap.gov.in', 'Web Application Security Audit (WASA)', '', '138', 'The Prl. Chief Conservator of Forests & Head of Forest Force, ', 'Forest Department, ', 'Aranya Bhavan, K.M.Munshi Road, ', 'Nagarampalem, ', 'Guntur-522004, Andhra Pradesh', 'The Prl. Chief Conservator of Forests & Head of Forest Force, ', '2021-07-12', '2021-06-06', 18, 7017.66, 38987, 'Approved', 'Paid', 38987, '2023-02-22 06:11:39', 'payment received', '', '0000-00-00', '0000-00-00', '26142', '2022-01-11', 'gov'),
(3941, 1, 71246, 'Chitfund Management System (e-Chits)', 'Web Application Security Audit (WASA)', 'Medium', '139', 'The Commissioner & Inspector General, ', 'Registration & Stamps Department (IGRS Dept.), ', '5-59 R.K.Spring Valley Apartments Edupugallu,', ' Kankipadu Mandal, ', 'Vijayawada-521151, Andhra Pradesh', 'The Commissioner & Inspector General, ', '2021-07-09', '2021-07-09', 18, 15639.3, 86885, 'Approved', 'Unpaid', 0, '2023-02-22 06:11:39', '', '', '0000-00-00', '0000-00-00', '', '0000-00-00', 'gov'),
(3942, 1, 71246, 'ematsyakar', 'Web Application Security Audit (WASA)', 'Simple', '140', 'The Commissioner, ', 'Fisheries Department, ', 'Bandar Road, Poranki, ', 'Near Mana Gramam, Penamaluru Centre, ', 'Vijayawada-521137', 'The Commissioner, ', '2021-07-13', '2021-07-12', 18, 15639.3, 86885, 'Approved', 'Paid', 86885, '2023-02-22 06:11:39', 'payment received', '', '0000-00-00', '0000-00-00', '25947', '2021-08-04', 'gov'),
(3943, 1, 48380, 'LMS', 'Web Application Security Audit (WASA)', 'High', '141', 'The Chief Executive Officer, ', 'E-Pragati Authority, ', 'Survey No.78 2nd floor Infosight Building, ', 'Paathuru Road Junction NH-16 Service Road, ', 'Tadepalli Vijayawada-522501', 'The Chief Executive Officer, ', '2021-07-22', '2021-07-22', 18, 10620, 59000, 'Approved', 'Paid', 59000, '2023-02-22 06:11:39', 'payment received', '', '0000-00-00', '0000-00-00', '', '0000-00-00', 'gov'),
(3944, 1, 49324, 'D-krishi', 'Web Application Security Audit (WASA)', 'Medium', '85', 'The Commissioner & Director (Agricultural Marketing),', 'Chuttugunta, Guntur,', 'Andhra Pradesh-522003', '', '', 'The Commissioner & Director (Agricultural Marketing),', '2021-07-22', '2021-07-22', 18, 10827.18, 60151, 'Approved', 'Unpaid', 0, '2023-02-22 06:11:39', '', '', '0000-00-00', '0000-00-00', '', '0000-00-00', 'gov'),
(3945, 1, 232224, '19 Small APPS', 'Web Application Security Audit (WASA)', 'Medium', '107', 'The Managing Director,', 'Andhra pradesh Industrial Infrastructure Corporation Ltd, (APIIC)', 'APIIC towers Plot No-1,IT Park, Autonagar,Andhra Pradesh 522503', '', '', 'The Managing Director,', '2021-07-23', '2021-05-24', 18, 50976, 283200, 'Approved', 'Paid', 254400, '2023-02-22 06:11:39', '2,54,400 payment received', '', '0000-00-00', '0000-00-00', '26525', '2022-07-06', 'gov'),
(3946, 1, 135186, '3Web Applications (APSSCCL, Amaravati, APCRDA)', 'Web Application Security Audit (WASA)', 'Medium', '142', 'The MD & CEO, ', 'Amaravati smart & Sustainable City Corporation Limited (ASSCL), ', 'O/O AMRDA, Lenin Centre, ', 'Beside Apsara Theatre, ', 'Governorpet, Vijayawada-520002', 'The MD & CEO, ', '2021-07-27', '2021-07-26', 18, 29674.98, 164861, 'Approved', 'Paid', 164861, '2023-02-22 06:11:39', 'payment received', '', '2021-11-09', '2022-11-08', '25984', '2021-10-28', 'gov'),
(3947, 1, 31969, 'cfw.ap.nic.in', 'Web Application Security Audit (WASA)', 'Simple', '29', 'The Commissioner Mission Director NHM,', 'Health & Family Welfare(CH&FW) Department, ', ' 5th Floor APIIC Building,', 'Mangalagiri Guntur Dt., Andhra Pradesh.', '', 'The Commissioner Mission Director NHM,', '2021-07-28', '2021-07-28', 18, 7017.66, 38987, 'Approved', 'Paid', 38987, '2023-02-22 06:11:39', 'payment received', '2021-1116887', '0000-00-00', '0000-00-00', '25975', '2021-10-01', 'gov'),
(3948, 1, 98648, 'EHS, Mithra', 'Web Application Security Audit (WASA)', 'Medium', '113', 'The Chief Executive Officer, ', 'Dr.YSR Aarogyasri Health Care Trust,241, ', 'MGM Capital Building, Near NRI Junction,', ' Beside Little Village Restaurant,', ' Chinakakani, Mangalagiri, Guntur-522508', 'The Chief Executive Officer, ', '2021-07-28', '2021-07-28', 18, 21654.36, 120302, 'Approved', 'Paid', 120302, '2023-02-22 06:11:39', 'payment received', '', '0000-00-00', '0000-00-00', '26159', '2022-02-22', 'gov'),
(3949, 1, 71246, 'Girivikasam', 'Web Application Security Audit (WASA)', 'Implementation of ISMS', '78', 'The Director (Tribal Welfare Dept),', 'D.No.40-3/1-46-4A,', ' Ward No.13,Koneru Lakshmaiah Street,', 'Moghalrajpuram, ', 'Vijayawada-520010, A.P', 'The Director (Tribal Welfare Dept),', '2021-07-30', '2021-07-30', 18, 15639.3, 86885, 'Approved', 'Paid', 85414, '2023-02-22 06:11:39', 'cfms pending', '2021-1531503', '0000-00-00', '0000-00-00', '', '0000-00-00', 'gov'),
(3950, 1, 77411, 'ANM-AP', 'Web Application Security Audit (WASA)', '2- Medium, 1- Complex', '29', 'The Commissioner Mission Director NHM,', 'Health & Family Welfare(CH&FW) Department, ', ' 5th Floor APIIC Building,', 'Mangalagiri Guntur Dt., Andhra Pradesh.', '', 'The Commissioner Mission Director NHM,', '2021-07-30', '2021-07-30', 18, 16992.72, 94404, 'Approved', 'Paid', 94404, '2023-02-22 06:11:39', 'payment recd', '2021-1116887', '0000-00-00', '0000-00-00', '25975', '2021-10-01', 'gov'),
(3951, 1, 889255, '12 Web Applications', 'Web Application Security Audit (WASA)', 'Medium', '154', 'The Chief IT & Data Officer,\r\n', ' APTRANSCO, Vidyut Soudha,', ' Eluru Road Gunadala,', ' Vijayawada-520004', '', 'The Chief IT & Data Officer,\r\n', '2021-08-03', '2021-07-30', 18, 195202.26, 1084457, 'Approved', 'Paid', 992554, '2023-02-22 06:11:39', '992554, payment received', '', '0000-00-00', '0000-00-00', '26117', '2021-12-13', 'gov'),
(3952, 1, 48380, 'iti.nic.in', 'Web Application Security Audit (WASA)', 'Simple', '143', 'The Director,', ' Employment & Training, Govt. ITI Campus, ', 'Vijayawada-520008', '', '', 'The Director,', '2021-08-04', '2021-08-03', 18, 10620, 59000, 'Approved', 'Paid', 59000, '2023-02-22 06:11:39', 'payment recd', '', '0000-00-00', '0000-00-00', '26122', '2021-12-22', 'gov'),
(3953, 1, 122885, 'Servers, Firewalls, Switches and Wireless Access Points and Computers and workstations', 'Network Infrastructure', 'Medium', '154', 'The Chief IT & Data Officer,\r\n', ' APTRANSCO, Vidyut Soudha,', ' Eluru Road Gunadala,', ' Vijayawada-520004', '', 'The Chief IT & Data Officer,\r\n', '2021-08-06', '2021-08-06', 18, 26974.8, 149860, 'Approved', 'Paid', 149860, '2023-02-22 06:11:40', '137160,12700-ITTDS, total 1,49,680,payment recd', '', '0000-00-00', '0000-00-00', '26132', '2022-01-05', 'gov'),
(3954, 1, 14514, 'Information Security Awareness Training', 'Training', 'Medium', '154', 'The Chief IT & Data Officer,\r\n', ' APTRANSCO, Vidyut Soudha,', ' Eluru Road Gunadala,', ' Vijayawada-520004', '', 'The Chief IT & Data Officer,\r\n', '2021-08-11', '2021-08-10', 18, 3186, 17700, 'Approved', 'Paid', 17700, '2023-02-22 06:11:40', 'payment recd', '', '0000-00-00', '0000-00-00', '26149', '2022-02-08', 'gov'),
(3955, 1, 119626, 'e-Crop, D-Krishi', '2- WASA', 'Online training on awareness & cyber security vulnerabilities', '85', 'The Commissioner & Director (Agricultural Marketing),', 'Chuttugunta, Guntur,', 'Andhra Pradesh-522003', '', '', 'The Commissioner & Director (Agricultural Marketing),', '2021-08-18', '2021-02-17', 18, 26259.3, 145885, 'Approved', 'Paid', 145885, '2023-02-22 06:11:40', 'payment recd', '2021', '0000-00-00', '0000-00-00', '', '0000-00-00', 'gov'),
(3956, 1, 31969, 'M-Pachayat', 'Web Application Security Audit (WASA)', 'Medium, Simple', '41', 'The Commissioner,', ' Panchayati Raj &Rural Development,', ' D.No:12-47 PVS Icon Building Pathuru Cross Road, ', '4/7 Inner Ring road Gorantla,', ' Tadepalli Vijayawada-522501', 'The Commissioner,', '2021-08-19', '2021-08-19', 18, 7017.66, 38987, 'Approved', 'Unpaid', 0, '2023-02-22 06:11:40', 'reminder sent to panchayat only', '', '0000-00-00', '0000-00-00', '', '0000-00-00', 'gov'),
(3957, 1, 377239, 'EHS, Aarogyasri, Aarogya Raksha, WJHS', 'Web Application Security Audit (WASA)', 'Simple', '113', 'The Chief Executive Officer, ', 'Dr.YSR Aarogyasri Health Care Trust,241, ', 'MGM Capital Building, Near NRI Junction,', ' Beside Little Village Restaurant,', ' Chinakakani, Mangalagiri, Guntur-522508', 'The Chief Executive Officer, ', '2021-08-31', '2021-08-25', 18, 82808.64, 460048, 'Approved', 'Paid', 460048, '2023-02-22 06:11:40', 'payment recd', '', '0000-00-00', '0000-00-00', '26159', '2022-02-22', 'gov'),
(3958, 1, 120570, 'ODF Plus Web, ODF Plus Medium', 'Web Application Security Audit (WASA)', 'Medium', '61', 'The Managing Director, ', 'Swaccha Andhra Corporation,', ' H.No.54-16-1/14/D, 3rd Floor, Road. No.2,', 'Central Excise colony, Andhra Loyola College Road', ' , Vijayawada-520008', 'The Managing Director, ', '2021-08-31', '2021-08-27', 18, 26466.48, 147036, 'Approved', 'Paid', 132083, '2023-02-22 06:11:40', 'payment rcvd through cheque 132083', '', '2021-11-17', '2022-11-16', '26508', '2022-06-07', 'gov'),
(3959, 1, 71246, 'APITA Application', 'Web Application Security Audit (WASA)', 'Medium', '144', 'The Chief Executive Officer, ', 'AP Information Technology Academy (APITA), ', '3rd floor Room No.317 R&B Building, ', 'M.G.Road Labbipet, ', 'Vijayawada-520010', '`', '2021-08-31', '2021-08-28', 18, 15639.3, 86885, 'Approved', 'Unpaid', 0, '2023-02-22 06:11:40', '', '', '0000-00-00', '0000-00-00', '', '0000-00-00', 'gov'),
(3960, 1, 31969, 'CDR Web Application (Medha)', 'Web Application Security Audit (WASA)', 'Complex', '116', 'The Director General, ', 'Anti Corruption Bureau (ACB), ', 'A.P.Headquarters Office 2nd floor N.T.R.Admn Block,', ' Pandit Nehru Bus Station, ', 'Vijayawada-520001', 'The Director General, ', '2021-09-02', '2021-09-02', 18, 7017.66, 38987, 'Approved', 'Unpaid', 0, '2023-02-22 06:11:40', '', '', '2021-11-18', '2022-05-17', '', '0000-00-00', 'gov'),
(3961, 1, 31969, 'e-Hasthakshar Service', 'Web Application Security Audit (WASA)', 'Complex, Medium', '50', 'The Chief Executive officer ,', '(Andhra Pradesh Centre for Financial Systems and Services (APCFSS) (APCFSS),', '6th Floor C-Block Anjaneya Towers 24-125,', 'Vijayawada - Mylavaram Rd Bhimaraju Gutta,', 'Ibrahimpatnam Andhra Pradesh 521456.', 'The Chief Executive officer ,', '2021-09-07', '2021-09-06', 18, 7017.66, 38987, 'Approved', 'Paid', 38987, '2023-02-22 06:11:40', 'payment received', '2021-1809865', '0000-00-00', '0000-00-00', '', '0000-00-00', 'gov'),
(3962, 1, 49324, 'Mobile App', 'Mobile Application Security Audit (MASA)', 'Medium', '84', 'The Managing Director,', ' Andhra Pradesh State Co-operative Marketing Federation Ltd,(APMARKFED),', '#56-2-11 4th & 5th Floor APMARKFEDBuilding,', ' APIIC Colony Jawahar Auto Nagar,', 'Vijayawada ? 520007.', 'The Managing Director,', '2021-09-08', '2021-09-03', 18, 10827.18, 60151, 'Approved', 'Paid', 60151, '2023-02-22 06:11:40', 'payment received', '', '0000-00-00', '0000-00-00', '25969', '2021-09-20', 'gov'),
(3963, 1, 2068535, 'ISMS', 'Implementation of ISMS', 'Medium', '129', 'The Chief General Manager (Adm IS&ERP), ', 'APGENCO, Vidyut Soudha, ', 'Eluru Road Gunadala, ', 'Vijayawada-520004', '', 'The Chief General Manager (Adm IS&ERP), ', '2021-09-13', '2021-03-24', 18, 454068.72, 2522604, 'Approved', 'Unpaid', 0, '2023-02-22 06:11:40', 'no reminder', '', '0000-00-00', '0000-00-00', '', '0000-00-00', 'gov'),
(3964, 1, 279505, 'Registrations, Citizen Portal, RT Admin', 'Web Application Security Audit (WASA)', 'Medium', '145', 'The Commissioner, ', 'Transport Department, ', 'A.P.Headquarters Officer, ', '2nd floor, N.T.R Admn Block, ', 'Pandit Nehru Bus Station, Vijayawada-520001', 'The Commissioner, ', '2021-09-16', '2021-01-24', 18, 61354.8, 340860, 'Approved', 'Paid', 329305, '2023-02-22 06:11:40', '3,29,305 RECEIVED', '2021-1527764', '0000-00-00', '0000-00-00', '26403', '0000-00-00', 'gov'),
(3965, 1, 71247, 'Cooperative Societies Website', 'Web Application Security Audit (WASA)', 'Simple, Complex', '146', 'The Commissioner for Cooperation & Registrar of Co-operative Soceities (CC & RCS), ', 'Co-Operation Department, ', 'Sky Lark Towers D.No.2-16-83, ', '11th Line Syamala Nagar, ', 'Guntur-522006', 'The Commissioner for Cooperation & Registrar of Co-operative Soceities (CC & RCS), ', '2021-09-17', '2021-09-17', 18, 15639.48, 86886, 'Approved', 'Paid', 86886, '2023-02-22 06:11:40', '86886 payment received', '', '0000-00-00', '0000-00-00', '26512', '2022-06-09', 'gov'),
(3966, 1, 31969, 'CCE App', 'Mobile Application Security Audit (MASA)', 'Medium', '147', 'The Director, ', 'Directorate of Economics & Statistics Govt of AP, ', 'Vasudha Shelters \'A\' Block 1st floor, ', 'LIC Colony Adda Road, ', 'Gollapudi Vijayawada-521225', 'The Director, ', '2021-09-17', '2021-09-14', 18, 7017.66, 38987, 'Approved', 'Paid', 37665, '2023-02-22 06:11:40', '38,987 payment received from the dept, ttds-661,cgst-33050,sgst-330.50, receipt amount-37665', '', '0000-00-00', '0000-00-00', '26544', '2022-10-28', 'gov'),
(3967, 1, 71247, 'SwatchSankalp and SWM citizen', 'Web Application Security Audit (WASA)', 'Medium', '61', 'The Managing Director, ', 'Swaccha Andhra Corporation,', ' H.No.54-16-1/14/D, 3rd Floor, Road. No.2,', 'Central Excise colony, Andhra Loyola College Road', ' , Vijayawada-520008', 'The Managing Director, ', '2021-09-29', '2021-09-23', 18, 15639.48, 86886, 'Approved', 'Paid', 83938, '2023-02-22 06:11:40', '83938payment received', '', '0000-00-00', '0000-00-00', '26319', '2022-04-28', 'gov'),
(3968, 1, 71247, 'WASA', 'Web Application Security Audit (WASA)', 'Medium', '148', 'The Joint Collector,', 'Collectorate Office,', 'Chittoor District ? 517002,', 'Andhra Pradesh', '', 'The Joint Collector,', '2021-09-29', '2021-09-25', 18, 15639.48, 86886, 'Approved', 'Paid', 86886, '2023-02-22 06:11:40', 'payment received', '', '0000-00-00', '0000-00-00', '26111', '2021-11-22', 'gov'),
(3969, 1, 48380, 'Online Training Program', 'Web Application Security Audit (WASA)', 'Medium', '154', 'The Chief IT & Data Officer,\r\n', ' APTRANSCO, Vidyut Soudha,', ' Eluru Road Gunadala,', ' Vijayawada-520004', '', 'The Chief IT & Data Officer,\r\n', '2021-10-01', '2021-09-27', 18, 10620, 59000, 'Approved', 'Paid', 59000, '2023-02-22 06:11:40', 'payment received', '', '0000-00-00', '0000-00-00', '', '0000-00-00', 'gov'),
(3970, 1, 103216, 'AP Multipurpose KIOSK app', 'Web  and Mobile Application Security Audit', 'complex', '85', 'The Commissioner & Director (Agricultural Marketing),', 'Chuttugunta, Guntur,', 'Andhra Pradesh-522003', '', '', 'The Commissioner & Director (Agricultural Marketing),', '2021-10-04', '2021-09-27', 18, 22657.14, 125873, 'Approved', 'Paid', 1, '2023-02-22 06:11:40', '1,25,873 payment received', '', '0000-00-00', '0000-00-00', '26551', '2022-12-15', 'gov'),
(3971, 1, 31969, 'Content Management System', 'Web  Application Security Audit', 'Simple', '113', 'The Chief Executive Officer, ', 'Dr.YSR Aarogyasri Health Care Trust,241, ', 'MGM Capital Building, Near NRI Junction,', ' Beside Little Village Restaurant,', ' Chinakakani, Mangalagiri, Guntur-522508', 'The Chief Executive Officer, ', '2021-10-18', '2021-10-14', 18, 7017.66, 38987, 'Approved', 'Paid', 38987, '2023-02-22 06:11:40', 'payment received', '', '0000-00-00', '0000-00-00', '26159', '2022-02-22', 'gov'),
(3972, 1, 71246, 'https://apswc.ap.gov.in', 'Web  Application Security Audit', 'Medium', '124', 'The Managing Director,', 'AP State Warehousing Corporation (APSWC),', 'Stalin Corporate Building, Back side of Auto Nagar,', '2nd floor, D.No.55-17-3,C-13, Industrial Estate,', 'Autonagar, Vijayawada - 520007', 'The Managing Director,', '2021-10-21', '2021-10-21', 18, 15639.3, 86885, 'Approved', 'Paid', 86885, '2023-02-22 06:11:40', '165922 payment recevied (including another invoice)', '', '0000-00-00', '0000-00-00', '26158', '2022-02-18', 'gov'),
(3973, 1, 71246, 'Jagananna Swachha Sankalpam', 'Web  Application Security Audit', 'Medium', '61', 'The Managing Director, ', 'Swaccha Andhra Corporation,', ' H.No.54-16-1/14/D, 3rd Floor, Road. No.2,', 'Central Excise colony, Andhra Loyola College Road', ' , Vijayawada-520008', 'The Managing Director, ', '2021-10-21', '2021-10-21', 18, 15639.3, 86885, 'Approved', 'Unpaid', 0, '2023-02-22 06:11:40', '', '', '0000-00-00', '0000-00-00', '', '0000-00-00', 'gov'),
(3974, 1, 77080, 'APSWC', 'Mobile Application Security Audit (MASA)', 'Medium', '124', 'The Managing Director,', 'AP State Warehousing Corporation (APSWC),', 'Stalin Corporate Building, Back side of Auto Nagar,', '2nd floor, D.No.55-17-3,C-13, Industrial Estate,', 'Autonagar, Vijayawada - 520007', 'The Managing Director,', '2021-10-26', '2021-10-12', 18, 16920, 94000, 'Approved', 'Paid', 94000, '2023-02-22 06:11:41', '165922 payment recevied (including another invoice)', '', '0000-00-00', '0000-00-00', '26158', '2022-02-18', 'gov'),
(3975, 1, 214420, 'HRMS, Markup-ERP Solution', 'Web  Application Security Audit', 'Medium', '84', 'The Managing Director,', ' Andhra Pradesh State Co-operative Marketing Federation Ltd,(APMARKFED),', '#56-2-11 4th & 5th Floor APMARKFEDBuilding,', ' APIIC Colony Jawahar Auto Nagar,', 'Vijayawada ? 520007.', 'The Managing Director,', '2021-10-26', '2021-10-22', 18, 47067.84, 261488, 'Approved', 'Paid', 261488, '2023-02-22 06:11:41', '195008 payment received', '', '0000-00-00', '0000-00-00', '26157', '2022-02-18', 'gov'),
(3976, 1, 71247, 'YSR Pension Kanuka', 'Web  Application Security Audit', 'Simple', '37', 'The Chief Executive Officer,', ' Society for Elimination of Rural Poverty (SERP),', '2nd floor Dr.NTR Administrative Block,', 'Pandit Nehru RTC Bus Complex,', 'Vijayawada- 520001', 'The Chief Executive Officer,', '2021-10-26', '2021-10-25', 18, 15639.48, 86886, 'Approved', 'Unpaid', 0, '2023-02-22 06:11:41', '', '', '0000-00-00', '0000-00-00', '', '0000-00-00', 'gov'),
(3977, 1, 71247, 'HMFW Website', 'Web  Application Security Audit', 'Simple', '29', 'The Commissioner Mission Director NHM,', 'Health & Family Welfare(CH&FW) Department, ', ' 5th Floor APIIC Building,', 'Mangalagiri Guntur Dt., Andhra Pradesh.', '', 'The Commissioner Mission Director NHM,', '2021-10-27', '2021-10-26', 18, 15639.48, 86886, 'Approved', 'Paid', 0, '2023-02-22 06:11:41', '', '', '0000-00-00', '0000-00-00', '', '0000-00-00', 'gov'),
(3978, 1, 71247, 'http://demoapgli.apcfss.in/', 'Web  Application Security Audit', 'Complex', '149', 'The Director,', 'A.P.Government Life Insurance Department (APGLI),', 'C-Block 5th Floor Anjaneya Towers, ', 'Bhimaraju Gutta Ibrahimpatnam,', 'Vijayawada-521456', 'The Director,', '2021-10-27', '2021-10-26', 18, 15639.48, 86886, 'Approved', 'Paid', 86886, '2023-02-22 06:11:41', '86886 payment received', '2022-528507', '0000-00-00', '0000-00-00', '26518', '2022-06-17', 'gov'),
(3979, 1, 109381, 'eFarmarket', 'Web  & Mobile Application Security Audit', 'Medium', '74', 'The Chief Executive Officer,', 'Rythu Bazar Head Office,', 'Spices Board Of India, ', 'Murikipeta Maharshi Dayanand Nagar, ', 'Guntur- 522003, Andhra Pradesh,', 'The Chief Executive Officer,', '2021-10-29', '2021-10-27', 18, 24010.56, 133392, 'Approved', 'Paid', 133392, '2023-02-22 06:11:41', '1,33,392 RECEIVED', '', '0000-00-00', '0000-00-00', '26404', '2022-04-12', 'gov'),
(3980, 1, 120571, 'MDM Security Audit', 'Web  Application Security Audit', 'Simple', '29', 'The Commissioner Mission Director NHM,', 'Health & Family Welfare(CH&FW) Department, ', ' 5th Floor APIIC Building,', 'Mangalagiri Guntur Dt., Andhra Pradesh.', '', 'The Commissioner Mission Director NHM,', '2021-11-02', '2021-11-02', 18, 26466.84, 147038, 'Approved', 'Unpaid', 0, '2023-02-22 06:11:41', '', 'original invoice value 380962. since Celkon web and mobile apps were not done value reduced', '0000-00-00', '0000-00-00', '', '0000-00-00', 'gov'),
(3981, 1, 71247, 'APMIP', 'Web  Application Security Audit', 'Medium', '150', 'The Commissioner,', 'Department of Horticulture,', 'Micro Irrigation Project (APMIP),', ' TTPC Building, 1st floor, Old Market Yard,', 'Chuttugunta, Guntur-522004.', 'The Commissioner,', '0000-00-00', '2021-11-03', 18, 15639.48, 86886, 'Approved', 'Paid', 86886, '2023-02-22 06:11:41', 'Payment received', '', '0000-00-00', '0000-00-00', '25988', '2021-11-03', 'gov'),
(3982, 1, 71247, 'e-Auction', 'Web  Application Security Audit', 'Medium', '84', 'The Managing Director,', ' Andhra Pradesh State Co-operative Marketing Federation Ltd,(APMARKFED),', '#56-2-11 4th & 5th Floor APMARKFEDBuilding,', ' APIIC Colony Jawahar Auto Nagar,', 'Vijayawada ? 520007.', 'The Managing Director,', '2021-11-09', '2021-11-03', 18, 15639.48, 86886, 'Approved', 'Paid', 79523, '2023-02-22 06:11:41', '79523 payment received', '', '0000-00-00', '0000-00-00', '26536', '2022-10-04', 'gov'),
(3983, 1, 71247, 'APNRTS', 'Web Application Security Audit (WASA)', 'Medium', '151', 'The President, ', 'Andhra Pradesh Non-Resident Telugu Society (APNRTS),', 'Infosight Building 4th Floor S.No.78/2 NH 16 Service Road, ', 'Near Pathuru Road JunctionTadepalli, ', 'Guntur District Andhra Pradesh - 522501', 'The President, ', '2021-11-15', '2021-11-12', 18, 15639.48, 86886, 'Approved', 'Paid', 86885, '2023-02-22 06:11:41', '86,885 payment received from the dept', '', '0000-00-00', '0000-00-00', '26546', '2022-11-02', 'gov'),
(3984, 1, 137012, 'APCFSS-Receipyd Modules', 'Web Application Security Audit (WASA)', 'Medium', '50', 'The Chief Executive officer ,', '(Andhra Pradesh Centre for Financial Systems and Services (APCFSS) (APCFSS),', '6th Floor C-Block Anjaneya Towers 24-125,', 'Vijayawada - Mylavaram Rd Bhimaraju Gutta,', 'Ibrahimpatnam Andhra Pradesh 521456.', 'The Chief Executive officer ,', '2021-11-15', '2021-11-11', 18, 30075.84, 167088, 'Approved', 'Unpaid', 0, '2023-02-22 06:11:41', '', '', '0000-00-00', '0000-00-00', '', '0000-00-00', 'gov'),
(3985, 1, 31969, 'APSDPS', 'Web Application Security Audit (WASA)', 'Complex', '119', 'The Chief Executive Officer,', 'A.P. State Development Planning Society (APSDPS),', '5th Floor Kalanjali Building MG Rd, ', 'Opposite Kalanjali Labbipet, ', 'Vijayawada-520010', 'The Chief Executive Officer,', '2021-11-17', '2021-11-17', 18, 7017.66, 38987, 'Approved', 'Paid', 35088, '2023-02-22 06:11:41', '35088 Payment Received', '', '0000-00-00', '0000-00-00', '26316', '2022-04-28', 'gov'),
(3986, 1, 49325, 'YSRAHCT', 'Mobile Application Security Audit (MASA)', 'Medium', '113', 'The Chief Executive Officer, ', 'Dr.YSR Aarogyasri Health Care Trust,241, ', 'MGM Capital Building, Near NRI Junction,', ' Beside Little Village Restaurant,', ' Chinakakani, Mangalagiri, Guntur-522508', 'The Chief Executive Officer, ', '2021-11-23', '2021-11-23', 18, 10827.36, 60152, 'Approved', 'Paid', 60152, '2023-02-22 06:11:41', 'payment received', '', '0000-00-00', '0000-00-00', '26159', '2022-02-22', 'gov'),
(3987, 1, 71247, 'Streenidhi  Application', 'Web  Application Security Audit', 'Simple', '37', 'The Chief Executive Officer,', ' Society for Elimination of Rural Poverty (SERP),', '2nd floor Dr.NTR Administrative Block,', 'Pandit Nehru RTC Bus Complex,', 'Vijayawada- 520001', 'The Chief Executive Officer,', '2021-10-26', '2021-11-23', 18, 15639.48, 86886, 'Approved', 'Unpaid', 0, '2023-02-22 06:11:41', 'not done', '', '0000-00-00', '0000-00-00', '', '0000-00-00', 'gov'),
(3988, 1, 71247, 'http://gsws.staging.ap.gov.in/apgv', 'Web Application Security Audit (WASA)', 'Medium', '47', 'The Commissioner & Director,', 'Andhra Pradesh Gram Volunteers/ Ward Volunteers and Village Secretariats/ Ward Secretariats Department [GSWSD], ', 'AP state Housing corporation ltd Plot no.11 & 12,', ' backside of BSNL telephone exchange Near APIIC colony,', ' Autonagar Vijayawada-520007', 'The Commissioner & Director,', '2021-11-26', '2021-11-23', 18, 15639.48, 86886, 'Approved', 'Paid', 86886, '2023-02-22 06:11:41', '86886 payment received ', '', '0000-00-00', '0000-00-00', '26524', '2022-06-29', 'gov'),
(3989, 1, 49325, 'e-Auction', 'Mobile  Application Security Audit', 'Medium', '84', 'The Managing Director,', ' Andhra Pradesh State Co-operative Marketing Federation Ltd,(APMARKFED),', '#56-2-11 4th & 5th Floor APMARKFEDBuilding,', ' APIIC Colony Jawahar Auto Nagar,', 'Vijayawada ? 520007.', 'The Managing Director,', '2021-11-09', '2021-11-25', 18, 10827.36, 60152, 'Approved', 'Paid', 60152, '2023-02-22 06:11:41', 'payment received', '', '0000-00-00', '0000-00-00', '26175', '2022-03-16', 'gov'),
(3990, 1, 38704, 'VAPT on internal and external IPs of firewall', 'VAPT', 'Simple', '86', 'The Managing Director, ', 'AP State Housing Corporation Ltd, ', 'Plot No.11&12 Behind BSNL Telephone Exchange, ', 'Autonagar, Vijayawada-520007', '', 'The Managing Director, ', '2021-11-30', '2021-11-01', 18, 8496, 47200, 'Approved', 'Paid', 55053, '2023-02-22 06:11:41', '55053 payment received', '', '0000-00-00', '0000-00-00', '26120', '2021-12-27', 'gov'),
(3991, 1, 31969, 'apmarkfed.staging.ap.gov.in', 'Web  Application Security Audit', '', '84', 'The Managing Director,', ' Andhra Pradesh State Co-operative Marketing Federation Ltd,(APMARKFED),', '#56-2-11 4th & 5th Floor APMARKFEDBuilding,', ' APIIC Colony Jawahar Auto Nagar,', 'Vijayawada ? 520007.', 'The Managing Director,', '2021-11-30', '2021-11-23', 18, 7017.66, 38987, 'Approved', 'Paid', 38987, '2023-02-22 06:11:41', 'payment received', '', '0000-00-00', '0000-00-00', '26175', '2022-03-16', 'gov'),
(3992, 1, 137012, 'e-Auction', 'Web  Application Security Audit', '', '42', 'The Managing Director,', 'AP Technology Services Ltd (APTSL),', '3rd floor R&B Building, ', 'Opp. Indira Gandhi Municipal Stadium Bandar Road, ', 'Vijayawada-520010', 'The Managing Director,', '2021-12-13', '2021-11-23', 18, 30075.84, 167088, 'Approved', 'Unpaid', 0, '2023-02-22 06:11:41', 'no reminder', '', '0000-00-00', '0000-00-00', '', '0000-00-00', 'gov'),
(3993, 1, 49325, 'E-Asha', 'Mobile Application Security Audit (MASA)', '', '29', 'The Commissioner Mission Director NHM,', 'Health & Family Welfare(CH&FW) Department, ', ' 5th Floor APIIC Building,', 'Mangalagiri Guntur Dt., Andhra Pradesh.', '', 'The Commissioner Mission Director NHM,', '2021-12-13', '2021-06-02', 18, 10827.36, 60152, 'Approved', 'Unpaid', 0, '2023-02-22 06:11:41', '', '', '0000-00-00', '0000-00-00', '', '0000-00-00', 'gov'),
(3994, 1, 63939, 'apclap', 'Mobile Application Security Audit (MASA)', '', '32', 'The Commissioner & Director of Municipal Administration, ', 'Municipal Administration Department,', ' Prime Hill Crest 4th Floor Near DGP Office, ', 'Beside Ultratech ReadyMix Plant Vaddeswaram Village,', ' Mangalagiri-522502', 'The Commissioner & Director of Municipal Administration, ', '2021-12-13', '2021-02-22', 18, 14035.32, 77974, 'Approved', 'Unpaid', 0, '2023-02-22 06:11:41', '', '', '0000-00-00', '0000-00-00', '', '0000-00-00', 'gov'),
(3995, 1, 71247, 'EHR', 'Web  Application Security Audit', '', '29', 'The Commissioner Mission Director NHM,', 'Health & Family Welfare(CH&FW) Department, ', ' 5th Floor APIIC Building,', 'Mangalagiri Guntur Dt., Andhra Pradesh.', '', 'The Commissioner Mission Director NHM,', '2021-12-14', '2021-06-02', 18, 15639.48, 86886, 'Approved', 'Unpaid', 0, '2023-02-22 06:11:41', '', '', '0000-00-00', '0000-00-00', '', '0000-00-00', 'gov'),
(3996, 1, 71247, 'PRIS#RUDA', 'Web  Application Security Audit', '', '152', 'The Vice Chair-person, ', 'Rajamahendravaram Urban Development Authority, ', 'Seshayya Metta,', ' Rajahmundry - 533101, ', 'Andhra Pradesh', 'The Vice Chair-person, ', '2021-12-14', '2021-06-02', 18, 15639.48, 86886, 'Approved', 'Paid', 86886, '2023-02-22 06:11:42', '86,886 payment received', '', '0000-00-00', '0000-00-00', '26521', '2022-06-27', 'gov'),
(3997, 1, 367193, 'Web:https://abhayaotsi.epragathi.org:9999/login Mobile: 3-Android & 3-iOS', 'Web & Mobile Applications', '', '145', 'The Commissioner, ', 'Transport Department, ', 'A.P.Headquarters Officer, ', '2nd floor, N.T.R Admn Block, ', 'Pandit Nehru Bus Station, Vijayawada-520001', 'The Commissioner, ', '2021-12-15', '2021-12-13', 18, 80603.28, 447796, 'Approved', 'Unpaid', 0, '2023-02-22 06:11:42', '', '', '0000-00-00', '0000-00-00', '', '0000-00-00', 'gov'),
(3998, 1, 71247, 'DMS -Document Management System', 'Web Application Security Audit (WASA)', '', '126', 'The Commissioner,', 'Survey Settlement and Land Records office, ', 'Sri Sai Residency 7th Lane Opp. Narayana School, ', 'Nagarjuna Nagar, Currency Nagar, ', 'Vijayawada, Andhra Pradesh 520008', 'The Commissioner,', '2021-12-17', '2021-12-16', 18, 15639.48, 86886, 'Approved', 'Paid', 86886, '2023-02-22 06:11:42', '86886 payment received', '', '0000-00-00', '0000-00-00', '26504', '2022-05-06', 'gov'),
(3999, 1, 137012, 'e-Tendering Application', 'Web  Application Security Audit', '', '42', 'The Managing Director,', 'AP Technology Services Ltd (APTSL),', '3rd floor R&B Building, ', 'Opp. Indira Gandhi Municipal Stadium Bandar Road, ', 'Vijayawada-520010', 'The Managing Director,', '2021-12-17', '2021-12-16', 18, 30075.84, 167088, 'Approved', 'Paid', 0, '2023-02-22 06:11:42', 'no reminder', '', '0000-00-00', '0000-00-00', '', '0000-00-00', 'gov'),
(4000, 1, 71247, 'MIG Layouts', 'Web  Application Security Audit', '', '67', 'The Director,', ' Building penalization Scheme (BPS),', 'Town And Country Planning,MGM Capital,', ' Ground Floor,Beside little Village Restaurant,', 'Chinakakani, Mangalagiri, A.P GUNTUR-522508.', 'The Director,', '2021-12-17', '2021-12-17', 18, 15639.48, 86886, 'Approved', 'Paid', 86886, '2023-02-22 06:11:42', 'payment received', '', '0000-00-00', '0000-00-00', '26133', '2022-01-05', 'gov'),
(4001, 1, 27093, 'Smart Panchayat (Mobile App for House Tax Collection)', 'Mobile Application Security Audit (MASA)', '', '41', 'The Commissioner,', ' Panchayati Raj &Rural Development,', ' D.No:12-47 PVS Icon Building Pathuru Cross Road, ', '4/7 Inner Ring road Gorantla,', ' Tadepalli Vijayawada-522501', 'The Commissioner,', '2021-12-21', '2021-12-20', 18, 5947.2, 33040, 'Approved', 'Paid', 0, '2023-02-22 06:11:42', 'reminder sent to panchayat only', '', '0000-00-00', '0000-00-00', '', '0000-00-00', 'gov'),
(4002, 1, 71247, 'Webland2.ap.gov.in/polr', 'Web & Mobile Application Security Audit', '', '35', 'The Chief Commissioner of Land Administration (CCLA), ', 'Department of Revenue,', '22-19 Jaasthi Towers 2nd floor, ', '1st Block Saipuram Colony Road,', ' Gollapudi Vijayawada-521225', 'The Chief Commissioner of Land Administration (CCLA), ', '2021-12-28', '2021-12-16', 18, 15639.48, 86886, 'Approved', 'Paid', 86886, '2023-02-22 06:11:42', 'payment received', '', '0000-00-00', '0000-00-00', '26166', '2022-03-03', 'gov'),
(4003, 1, 71247, 'Manaanganwadi', 'Web  Application Security Audit', '', '153', 'The Director, ', 'Women Development & Child Welfare (WDCW), ', '2nd floor Jampani Towers Lodge Centre,', ' Amaravathi Road Guntur-522002', '', 'The Director, ', '2021-12-28', '2021-12-24', 18, 15639.48, 86886, 'Approved', 'Unpaid', 0, '2023-02-22 06:11:42', '', '', '0000-00-00', '0000-00-00', '', '0000-00-00', 'gov'),
(4004, 1, 127877, 'APSP 4 New applications', 'Web  Application Security Audit', '', '81', 'The Superintendent of police,', 'District Police Office, ', 'Near BSNL office, Ananthapuram.', '', '', 'The Superintendent of police,', '2021-08-16', '2021-08-13', 18, 28070.64, 155948, 'Approved', 'Unpaid', 0, '2023-02-22 06:11:42', '', '', '0000-00-00', '0000-00-00', '', '0000-00-00', 'gov');

-- --------------------------------------------------------

--
-- Table structure for table `users`
--

CREATE TABLE `users` (
  `user_name` varchar(64) NOT NULL,
  `password` varchar(64) NOT NULL,
  `email` varchar(64) DEFAULT NULL,
  `mobile_number` varchar(15) DEFAULT NULL,
  `created_at` datetime DEFAULT NULL,
  `privilege` text NOT NULL
) ENGINE=InnoDB DEFAULT CHARSET=utf8mb4 COLLATE=utf8mb4_general_ci;

--
-- Dumping data for table `users`
--

INSERT INTO `users` (`user_name`, `password`, `email`, `mobile_number`, `created_at`, `privilege`) VALUES
('admin', 'admin@2023', 'bindhumadhav@gmail.com', NULL, NULL, 'admin');

--
-- Indexes for dumped tables
--

--
-- Indexes for table `companies`
--
ALTER TABLE `companies`
  ADD PRIMARY KEY (`sl`);

--
-- Indexes for table `departments`
--
ALTER TABLE `departments`
  ADD PRIMARY KEY (`sl`);

--
-- Indexes for table `transaction_log`
--
ALTER TABLE `transaction_log`
  ADD PRIMARY KEY (`sl`);

--
-- Indexes for table `users`
--
ALTER TABLE `users`
  ADD PRIMARY KEY (`user_name`);

--
-- AUTO_INCREMENT for dumped tables
--

--
-- AUTO_INCREMENT for table `companies`
--
ALTER TABLE `companies`
  MODIFY `sl` int(11) NOT NULL AUTO_INCREMENT, AUTO_INCREMENT=155;

--
-- AUTO_INCREMENT for table `departments`
--
ALTER TABLE `departments`
  MODIFY `sl` int(11) NOT NULL AUTO_INCREMENT, AUTO_INCREMENT=221;

--
-- AUTO_INCREMENT for table `transaction_log`
--
ALTER TABLE `transaction_log`
  MODIFY `sl` int(11) NOT NULL AUTO_INCREMENT, AUTO_INCREMENT=4005;
COMMIT;

/*!40101 SET CHARACTER_SET_CLIENT=@OLD_CHARACTER_SET_CLIENT */;
/*!40101 SET CHARACTER_SET_RESULTS=@OLD_CHARACTER_SET_RESULTS */;
/*!40101 SET COLLATION_CONNECTION=@OLD_COLLATION_CONNECTION */;
